link,product_name,province,star_review,amount_rating,amount_sold,product_list,original_price,discount_price,per_discount,store,recom_or_official,marketplace,itemId,shopId
https://www.lazada.co.th/products/diy-i5091512358.html,‡πÅ‡∏õ‡πâ‡∏á‡πÇ‡∏î‡∏ß‡πå ‡πÅ‡∏õ‡πâ‡∏á‡∏õ‡∏±‡πâ‡∏ô DIY ‡πÄ‡∏™‡∏£‡∏¥‡∏°‡∏™‡∏£‡πâ‡∏≤‡∏á‡∏à‡∏¥‡∏ô‡∏ï‡∏ô‡∏≤‡∏Å‡∏≤‡∏£ ‡∏°‡∏µ‡∏´‡∏•‡∏≤‡∏¢‡πÅ‡∏ö‡∏ö‡πÉ‡∏´‡πâ‡πÄ‡∏•‡∏∑‡∏≠‡∏Å,‡∏Å‡∏£‡∏∏‡∏á‡πÄ‡∏ó‡∏û‡∏°‡∏´‡∏≤‡∏ô‡∏Ñ‡∏£,5.0,14.0,37 ‡∏ä‡∏¥‡πâ‡∏ô,"‡∏°‡∏¥‡∏ô‡∏¥ ‡∏ü‡πâ‡∏≤, ‡∏°‡∏¥‡∏ô‡∏¥ ‡∏ä‡∏°‡∏û‡∏π, ‡∏Å‡∏•‡πà‡∏≠‡∏á‡πÉ‡∏™ ‡∏ü‡πâ‡∏≤, ‡∏Å‡∏•‡πà‡∏≠‡∏á‡πÉ‡∏™ ‡∏ä‡∏°‡∏û‡∏π, ‡∏ö‡πâ‡∏≤‡∏ô ‡∏ü‡πâ‡∏≤, ‡∏ö‡πâ‡∏≤‡∏ô ‡∏ä‡∏°‡∏û‡∏π",69.0,29.0,58%,tigtietoys,,lazada,5091512358,1000477764
https://www.lazada.co.th/products/170-i2569464467.html,‡πÅ‡∏õ‡πâ‡∏á‡πÇ‡∏î‡∏ß‡πå 170 ‡∏Å‡∏£‡∏±‡∏° ‡πÇ‡∏Æ‡∏°‡πÄ‡∏°‡∏î ‡∏õ‡∏•‡∏≠‡∏î‡∏™‡∏≤‡∏£ ‡πÄ‡∏•‡∏∑‡∏≠‡∏Å‡∏™‡∏µ‡πÑ‡∏î‡πâ,‡∏Ç‡∏≠‡∏ô‡πÅ‡∏Å‡πà‡∏ô,5.0,62.0,146 ‡∏ä‡∏¥‡πâ‡∏ô,"‡∏™‡∏µ‡∏°‡πà‡∏ß‡∏á Purple, ‡∏™‡∏µ‡∏î‡∏≥, ‡∏™‡∏µ‡∏ô‡πâ‡∏≥‡πÄ‡∏á‡∏¥‡∏ô, ‡∏™‡∏µ‡πÅ‡∏î‡∏á, ‡∏™‡∏µ‡∏™‡πâ‡∏°, ‡∏™‡∏µ‡πÄ‡∏´‡∏•‡∏∑‡∏≠‡∏á, ‡∏™‡∏µ‡∏ä‡∏°‡∏û‡∏π, ‡∏™‡∏µ‡πÄ‡∏Ç‡∏µ‡∏¢‡∏ß‡πÄ‡∏Ç‡πâ‡∏°, ‡∏™‡∏µ‡∏ü‡πâ‡∏≤, ‡∏™‡∏µ‡∏Ç‡∏≤‡∏ß, ‡∏™‡∏µ‡∏ô‡πâ‡∏≥‡∏ï‡∏≤‡∏•, ‡∏™‡∏µ‡πÄ‡∏Ç‡∏µ‡∏¢‡∏ß‡∏≠‡πà‡∏≠‡∏ô",24.0,24.0,,‡∏û‡∏≠‡πÉ‡∏à‡πÅ‡∏õ‡πâ‡∏á‡πÇ‡∏î‡∏ß‡πå‡πÇ‡∏Æ‡∏°‡πÄ‡∏°‡∏î,,lazada,2569464467,100191099597
https://www.lazada.co.th/products/10-10-a-i931128432.html,‡πÅ‡∏õ‡πâ‡∏á‡πÇ‡∏î‡∏ß‡πå ‡∏´‡∏•‡∏≠‡∏î 10 ‡∏Å‡∏£‡∏∞‡∏õ‡∏∏‡∏Å 10‡∏™‡∏µ ‡∏î‡∏¥‡∏ô‡∏õ‡∏±‡πâ‡∏ô ‡πÇ‡∏î‡∏ß‡πå ‡πÅ‡∏õ‡πâ‡∏á‡∏õ‡∏±‡πâ‡∏ô ‡∏á‡∏≤‡∏ô‡πÄ‡∏Å‡∏£‡∏î A,‡∏Å‡∏£‡∏∏‡∏á‡πÄ‡∏ó‡∏û‡∏°‡∏´‡∏≤‡∏ô‡∏Ñ‡∏£,4.877118644067797,236.0,1.5K ‡∏ä‡∏¥‡πâ‡∏ô,‡πÅ‡∏õ‡πâ‡∏á‡πÇ‡∏î‡∏ß‡πå,100.0,89.0,11%,ToyNamusBrickmore,,lazada,931128432,100204262
https://www.lazada.co.th/products/nara-dough-cupcake-3-120-i3940902282.html,NARA Dough Cupcake ‡πÅ‡∏õ‡πâ‡∏á‡πÇ‡∏î‡∏ß‡πå‡πÑ‡∏£‡πâ‡∏™‡∏≤‡∏£‡∏Å‡∏•‡∏π‡πÄ‡∏ï‡πá‡∏ô ‡∏ä‡∏∏‡∏î ‡∏ó‡∏≥‡∏Ñ‡∏±‡∏û‡πÄ‡∏Ñ‡πâ‡∏Å ( ‡πÅ‡∏õ‡πâ‡∏á‡πÇ‡∏î‡∏ß‡πå 3 ‡∏™‡∏µ ‡∏£‡∏ß‡∏° 120 ‡∏Å‡∏£‡∏±‡∏° + ‡∏Ç‡∏≠‡∏á‡πÄ‡∏•‡πà‡∏ô‡∏ó‡∏≥‡∏Ñ‡∏±‡∏û‡πÄ‡∏Ñ‡πâ‡∏Å),‡∏Å‡∏£‡∏∏‡∏á‡πÄ‡∏ó‡∏û‡∏°‡∏´‡∏≤‡∏ô‡∏Ñ‡∏£,5.0,32.0,165 ‡∏ä‡∏¥‡πâ‡∏ô,,199.0,199.0,,NARA Global,,lazada,3940902282,30426
https://www.lazada.co.th/products/10-i5109812074.html,‡πÅ‡∏õ‡πâ‡∏á‡πÇ‡∏î‡∏ß‡πå‡∏Å‡∏£‡∏∞‡∏õ‡∏∏‡∏Å ‡πÅ‡∏õ‡πâ‡∏á‡πÇ‡∏î‡∏ß‡πå ‡∏Å‡∏£‡∏∞‡∏õ‡∏∏‡∏Å‡∏Å‡∏£‡∏∞‡∏ï‡πà‡∏≤‡∏¢ ‡∏ô‡∏¥‡πà‡∏°‡∏õ‡∏±‡πà‡∏ô‡∏á‡πà‡∏≤‡∏¢ 10‡∏™‡∏µ ‡∏°‡∏µ ‡∏°‡∏≠‡∏Å.,‡∏™‡∏Å‡∏•‡∏ô‡∏Ñ‡∏£,5.0,1.0,,‡∏Ñ‡∏•‡∏∞‡∏™‡∏µ ‡πÄ‡∏•‡∏∑‡∏≠‡∏Å‡∏™‡∏µ‡∏ó‡∏±‡∏Å‡πÅ‡∏ä‡∏ó,39.0,23.0,41%,FJ-PS,,lazada,5109812074,1000177937
https://www.lazada.co.th/products/childrens-plasticine2436-i5285702074.html,‡∏î‡∏¥‡∏ô‡∏ô‡πâ‡∏≥‡∏°‡∏±‡∏ô‡πÑ‡∏£‡πâ‡∏™‡∏≤‡∏£‡∏û‡∏¥‡∏© ‡∏î‡∏¥‡∏ô‡∏ô‡πâ‡∏≥‡∏°‡∏±‡∏ô‡∏™‡∏≥‡∏´‡∏£‡∏±‡∏ö‡πÄ‡∏î‡πá‡∏Å ‡∏î‡∏¥‡∏ô‡∏ô‡πâ‡∏≥‡∏°‡∏±‡∏ô‡πÅ‡∏õ‡πâ‡∏á‡πÇ‡∏î‡∏ß‡πå children's Plasticine24/36 ‡∏™‡∏µ ‡πÑ‡∏°‡πà‡∏à‡∏≤‡∏á‡∏´‡∏≤‡∏¢ ‡∏ü‡∏£‡∏µ‡∏ä‡∏∏‡∏î‡∏™‡∏≤‡∏°‡∏ä‡∏¥‡πâ‡∏ô‡∏ï‡∏±‡∏î‡∏î‡∏¥‡∏ô‡πÄ‡∏ú‡∏≤,‡∏Å‡∏£‡∏∏‡∏á‡πÄ‡∏ó‡∏û‡∏°‡∏´‡∏≤‡∏ô‡∏Ñ‡∏£,,,5 ‡∏ä‡∏¥‡πâ‡∏ô,"24 ‡∏™‡∏µ/‡∏Å‡∏•‡πà‡∏≠‡∏á, 36 ‡∏™‡∏µ/‡∏Å‡∏•‡πà‡∏≠‡∏á",58.0,28.05,52%,Do As You Wish,mall,lazada,5285702074,100198524280
https://www.lazada.co.th/products/play-doh-party-pack-10-cans-10-i1699172351.html,Play-Doh Party Pack 10 cans ‡πÅ‡∏õ‡πâ‡∏á‡πÇ‡∏î‡∏ß‡πå 10‡∏Å‡∏£‡∏∞‡∏õ‡∏∏‡∏Å  ‡∏Ç‡∏≠‡∏á‡πÄ‡∏•‡πà‡∏ô  ‡πÅ‡∏õ‡πâ‡∏á‡πÇ‡∏î‡∏ß‡πå ‡πÄ‡∏û‡∏•‡∏¢‡πå‡πÇ‡∏î‡∏ß‡πå ‡∏î‡∏¥‡∏ô‡∏ô‡πâ‡∏≥‡∏°‡∏±‡∏ô ‡∏õ‡∏±‡πâ‡∏ô ‡∏Ç‡∏≠‡∏á‡πÅ‡∏ó‡πâ,‡∏ô‡∏ô‡∏ó‡∏ö‡∏∏‡∏£‡∏µ,4.7592592592592595,32.0,305 ‡∏ä‡∏¥‡πâ‡∏ô,‡∏´‡∏•‡∏≤‡∏Å‡∏™‡∏µ,459.0,399.0,13%,imageoutlet,,lazada,1699172351,100183780
https://www.lazada.co.th/products/10-10-color-dough-party-pack-10pcs-i1928618424.html,‡πÅ‡∏õ‡πâ‡∏á‡πÇ‡∏î‡∏ß‡πå 10 ‡∏™‡∏µ 10 ‡∏Å‡∏£‡∏∞‡∏õ‡∏∏‡∏Å / ‡πÄ‡∏™‡∏£‡∏¥‡∏°‡∏û‡∏±‡∏í‡∏ô‡∏≤‡∏Å‡∏≤‡∏£ ‡πÄ‡∏™‡∏£‡∏¥‡∏°‡∏™‡∏£‡πâ‡∏≤‡∏á‡∏à‡∏¥‡∏ô‡∏ï‡∏ô‡∏≤‡∏Å‡∏≤‡∏£  Color Dough Party Pack 10pcs,‡∏Å‡∏£‡∏∏‡∏á‡πÄ‡∏ó‡∏û‡∏°‡∏´‡∏≤‡∏ô‡∏Ñ‡∏£,4.963414634146342,246.0,1.5K ‡∏ä‡∏¥‡πâ‡∏ô,K28,59.0,54.0,8%,S toy,,lazada,1928618424,100181577099
https://www.lazada.co.th/products/nara-dough-520-4-4-500-5-5-i3886879109.html,NARA Dough ‡πÅ‡∏õ‡πâ‡∏á‡πÇ‡∏î‡∏ß‡πå‡πÑ‡∏£‡πâ‡∏™‡∏≤‡∏£‡∏Å‡∏•‡∏π‡πÄ‡∏ï‡πá‡∏ô ‡∏Ç‡∏ô‡∏≤‡∏î 520 ‡∏Å‡∏£‡∏±‡∏° 4 ‡∏Å‡∏£‡∏∞‡∏õ‡∏∏‡∏Å 4 ‡∏™‡∏µ ‡πÄ‡πÄ‡∏•‡∏∞ 500 ‡∏Å‡∏£‡∏±‡∏° 5 ‡∏Å‡∏£‡∏∞‡∏õ‡∏∏‡∏Å 5 ‡∏™‡∏µ,‡∏Å‡∏£‡∏∏‡∏á‡πÄ‡∏ó‡∏û‡∏°‡∏´‡∏≤‡∏ô‡∏Ñ‡∏£,4.867052023121388,173.0,890 ‡∏ä‡∏¥‡πâ‡∏ô,"520 ‡∏Å‡∏£‡∏±‡∏° 4 ‡∏™‡∏µ, 500 ‡∏Å‡∏£‡∏±‡∏° 5 ‡∏™‡∏µ",139.0,139.0,,NARA Global,,lazada,3886879109,30426
https://www.lazada.co.th/products/play-clay-dough-i4837333483.html,‡πÅ‡∏õ‡πâ‡∏á‡πÇ‡∏î‡∏ß‡πå ‡∏î‡∏¥‡∏ô‡πÄ‡∏ö‡∏≤ ‡∏Ç‡∏≠‡∏á‡πÄ‡∏•‡πà‡∏ô‡πÄ‡∏™‡∏£‡∏¥‡∏°‡∏û‡∏±‡∏í‡∏ô‡∏≤‡∏Å‡∏≤‡∏£ ‡πÄ‡∏Å‡∏£‡∏î‡∏û‡∏£‡∏µ‡πÄ‡∏°‡∏µ‡∏¢‡∏° ‡∏î‡∏¥‡∏ô‡∏ô‡∏∏‡πà‡∏°‡∏õ‡∏±‡πâ‡∏ô‡∏™‡∏ö‡∏≤‡∏¢ ‡∏Ç‡∏∂‡πâ‡∏ô‡∏ó‡∏£‡∏á‡∏≠‡∏¢‡∏π‡πà‡∏ï‡∏±‡∏ß ‡∏î‡∏¥‡∏ô‡∏ô‡πâ‡∏≥‡∏°‡∏±‡∏ô  play clay dough,‡∏™‡∏°‡∏∏‡∏ó‡∏£‡∏õ‡∏£‡∏≤‡∏Å‡∏≤‡∏£,4.989690721649485,97.0,521 ‡∏ä‡∏¥‡πâ‡∏ô,"12 ‡∏™‡∏µ, 24 ‡∏™‡∏µ, 36 ‡∏™‡∏µ",70.0,32.0,54%,Double EQ Plus,,lazada,4837333483,1000023905
https://www.lazada.co.th/products/set-12-i2412602594.html,[‡πÅ‡∏õ‡πâ‡∏á‡πÇ‡∏î‡∏ß‡πå ‡πÑ‡∏£‡πâ‡∏™‡∏≤‡∏£‡∏û‡∏¥‡∏©] ‡πÅ‡∏õ‡πâ‡∏á‡πÇ‡∏î‡∏ß‡πå‡∏†‡∏π‡∏£‡∏¥ ‡∏ä‡∏∏‡∏î‡∏Å‡∏•‡πà‡∏≠‡∏á‡∏Ç‡∏≠‡∏á‡∏Ç‡∏ß‡∏±‡∏ç Set 12 ‡∏™‡∏µ,‡∏ô‡∏ô‡∏ó‡∏ö‡∏∏‡∏£‡∏µ,5.0,14.0,70 ‡∏ä‡∏¥‡πâ‡∏ô,,169.0,169.0,,PuriDough,,lazada,2412602594,100192434215
https://www.lazada.co.th/products/kids-learning-6-i4872990841.html,üèÖKids learningüèÖ‡πÄ‡∏ã‡∏ó‡πÅ‡∏õ‡πâ‡∏á‡πÇ‡∏î‡∏ß‡πå‡∏•‡∏≤‡∏¢‡πÑ‡∏î‡πÇ‡∏ô‡πÄ‡∏™‡∏≤‡∏£‡πå ‡∏≠‡∏≠‡∏Å‡πÑ‡∏Ç‡πà‡πÑ‡∏î‡πâ ‡∏°‡∏≤‡∏û‡∏£‡πâ‡∏≠‡∏°‡πÅ‡∏°‡πà‡∏û‡∏¥‡∏°‡∏û‡πå ‡πÇ‡∏î‡∏ß‡πå 6 ‡∏Å‡∏£‡∏∞‡∏õ‡∏∏‡∏Å,‡∏Å‡∏£‡∏∏‡∏á‡πÄ‡∏ó‡∏û‡∏°‡∏´‡∏≤‡∏ô‡∏Ñ‡∏£,5.0,3.0,7 ‡∏ä‡∏¥‡πâ‡∏ô,"‡πÑ‡∏î‡πÇ‡∏ô‡πÄ‡∏™‡∏≤‡∏£‡πå, ‡∏°‡πâ‡∏≤‡πÇ‡∏û‡∏ô‡∏µ‡πà, ‡∏ó‡∏≥‡πÑ‡∏≠‡∏ï‡∏¥‡∏°, ‡∏ó‡∏≥‡∏Ç‡∏ô‡∏°, ‡∏ó‡∏≥‡πÄ‡∏™‡πâ‡∏ô, ‡∏ó‡∏≥Cake",250.0,169.0,32%,Kids Learning,,lazada,4872990841,1000036472
https://www.lazada.co.th/products/premium-13-food-grade-i5067089951.html,‡πÅ‡∏õ‡πâ‡∏á‡πÇ‡∏î‡∏ß‡πå Premium [ ‡πÄ‡∏•‡∏∑‡∏≠‡∏Å‡πÑ‡∏î‡πâ 13‡πÅ‡∏ö‡∏ö] ‡∏õ‡∏•‡∏≠‡∏î‡∏†‡∏±‡∏¢‡∏™‡∏≥‡∏´‡∏£‡∏±‡∏ö‡πÄ‡∏î‡πá‡∏Å Food Grade ‡∏õ‡∏£‡∏≤‡∏®‡∏à‡∏≤‡∏Å‡∏û‡∏•‡∏≤‡∏™‡∏ï‡∏¥‡∏Å‡πÅ‡∏•‡∏∞‡∏™‡∏≤‡∏£‡πÄ‡∏à‡∏∑‡∏≠‡∏õ‡∏ô,‡∏•‡∏≥‡∏û‡∏π‡∏ô,5.0,29.0,92 ‡∏ä‡∏¥‡πâ‡∏ô,"‡πÅ‡∏õ‡πâ‡∏á‡πÄ‡∏ö‡∏≤+‡∏ó‡∏µ‡πà‡∏ï‡∏±‡∏î 48‡∏™‡∏µ, ‡πÄ‡∏Ñ‡∏£‡∏∑‡πà‡∏≠‡∏á‡∏ó‡∏≥ Pizza, ‡πÇ‡∏•‡∏Å‡∏Ç‡∏≠‡∏á‡∏™‡∏±‡∏ï‡∏ß‡πå‡∏õ‡πà‡∏≤, ‡πÄ‡∏Ñ‡∏£‡∏∑‡πà‡∏≠‡∏á‡∏ó‡∏≥‡∏£‡∏≤‡πÄ‡∏°‡∏ô, ‡∏ö‡∏≤‡∏£‡πå‡∏ö‡∏µ‡∏Ñ‡∏¥‡∏ß, ‡πÄ‡∏Ñ‡∏£‡∏∑‡πà‡∏≠‡∏á‡∏ó‡∏≥‡πÑ‡∏≠‡∏®‡∏Å‡∏£‡∏µ‡∏°, ‡πÄ‡∏Ñ‡∏£‡∏∑‡πà‡∏≠‡∏á‡∏ó‡∏≥‡∏Ç‡∏ô‡∏°‡∏´‡∏ß‡∏≤‡∏ô, ‡∏¢‡∏π‡∏ô‡∏¥‡∏Ñ‡∏≠‡∏£‡πå‡∏ô, Burger ‡∏Å‡∏•‡∏≤‡∏á, ‡∏ä‡∏∏‡∏î‡πÄ‡∏Ñ‡πâ‡∏Å‡∏ß‡∏±‡∏ô‡πÄ‡∏Å‡∏¥‡∏î ‡∏ä‡∏°‡∏û‡∏π, ‡∏ä‡∏∏‡∏î‡πÄ‡∏Ñ‡πâ‡∏Å‡∏ß‡∏±‡∏ô‡πÄ‡∏Å‡∏¥‡∏î ‡∏ü‡πâ‡∏≤",390.0,289.0,26%,Gorogoro Store,,lazada,5067089951,100240335644
https://www.lazada.co.th/products/150-i2412531945.html,‡πÅ‡∏õ‡πâ‡∏á‡πÇ‡∏î‡∏ß‡πå ‡πÑ‡∏£‡πâ‡∏™‡∏≤‡∏£‡∏û‡∏¥‡∏© ‡∏õ‡∏•‡∏≠‡∏î‡∏†‡∏±‡∏¢‡∏™‡∏≥‡∏´‡∏£‡∏±‡∏ö‡πÄ‡∏î‡πá‡∏Å 150 ‡∏Å‡∏£‡∏±‡∏°,‡∏ô‡∏ô‡∏ó‡∏ö‡∏∏‡∏£‡∏µ,5.0,59.0,614 ‡∏ä‡∏¥‡πâ‡∏ô,"‡∏™‡∏µ‡πÅ‡∏î‡∏á, ‡∏™‡∏µ‡∏ô‡πâ‡∏≥‡πÄ‡∏á‡∏¥‡∏ô, ‡∏™‡∏µ‡∏î‡∏≥, ‡∏™‡∏µ‡∏ü‡πâ‡∏≤, ‡∏™‡∏µ‡πÄ‡∏Ç‡∏µ‡∏¢‡∏ß‡πÄ‡∏Ç‡πâ‡∏°, ‡∏™‡∏µ‡πÄ‡∏Ç‡∏µ‡∏¢‡∏ß‡∏≠‡πà‡∏≠‡∏ô, ‡∏™‡∏µ‡∏™‡πâ‡∏°, ‡∏™‡∏µ‡∏ä‡∏°‡∏û‡∏π, ‡∏™‡∏µ‡∏ô‡πâ‡∏≥‡∏ï‡∏≤‡∏•‡πÄ‡∏Ç‡πâ‡∏°, ‡∏™‡∏µ‡πÄ‡∏´‡∏•‡∏∑‡∏≠‡∏á, ‡∏™‡∏µ‡∏°‡πà‡∏ß‡∏á‡πÄ‡∏Ç‡πâ‡∏°, ‡∏Ç‡∏≤‡∏ß (‡∏™‡∏µ‡πÅ‡∏õ‡πâ‡∏á‡∏ò‡∏£‡∏£‡∏°‡∏ä‡∏≤‡∏ï‡∏¥), ‡∏™‡∏µ‡πÅ‡∏î‡∏á‡∏≠‡∏°‡∏™‡πâ‡∏°, ‡∏™‡∏µ‡∏°‡πà‡∏ß‡∏á‡∏≠‡πà‡∏≠‡∏ô, ‡∏™‡∏µ‡∏ô‡πâ‡∏≥‡∏ï‡∏≤‡∏•‡∏≠‡πà‡∏≠‡∏ô",27.0,27.0,,PuriDough,,lazada,2412531945,100192434215
https://www.lazada.co.th/products/12-12-12-no2870mkk-i2582725686.html,‡∏î‡∏¥‡∏ô‡πÄ‡∏ö‡∏≤ ‡πÅ‡∏û‡πä‡∏Ñ 12 ‡∏™‡∏µ ‡∏î‡∏¥‡∏ô‡πÄ‡∏ö‡∏≤‡πÄ‡∏Å‡∏≤‡∏´‡∏•‡∏µ ‡πÑ‡∏£‡πâ‡∏™‡∏≤‡πÄ‡∏Ñ‡∏°‡∏µ ‡∏û‡∏£‡πâ‡∏≠‡∏°‡∏≠‡∏∏‡∏õ‡∏Å‡∏£‡∏ì‡πå‡∏™‡∏≥‡∏´‡∏£‡∏±‡∏ö‡∏õ‡∏±‡πâ‡∏ô {‡∏Ç‡∏≤‡∏¢‡∏¢‡∏Å‡πÅ‡∏û‡πá‡∏Ñ 12 ‡∏ä‡∏¥‡πâ‡∏ô}‡∏ä‡∏∏‡∏î‡πÅ‡∏õ‡πâ‡∏á‡πÇ‡∏î‡∏ß‡πå 12 ‡∏ä‡∏¥‡πâ‡∏ô No.2870mkk,‡∏õ‡∏ó‡∏∏‡∏°‡∏ò‡∏≤‡∏ô‡∏µ,4.9,190.0,3.6K ‡∏ä‡∏¥‡πâ‡∏ô,,19.0,18.0,5%,‡∏£‡πâ‡∏≤‡∏ô‡πÄ‡∏Æ‡∏á‡πÄ‡∏õ‡∏≤,,lazada,2582725686,1000282304
https://www.lazada.co.th/products/-i5127615693.html,üöÄ‡∏™‡πà‡∏á‡∏à‡∏≤‡∏Å‡πÑ‡∏ó‡∏¢üöÄ ‡πÅ‡∏õ‡πâ‡∏á‡πÇ‡∏î‡∏ß‡πå‡∏î‡∏¥‡∏ô‡∏ô‡πâ‡∏≥‡∏°‡∏±‡∏ô ‡∏î‡∏¥‡∏ô‡πÄ‡∏ö‡∏≤ ‡∏ä‡∏∏‡∏î‡πÑ‡∏≠‡∏ï‡∏¥‡∏° ‡∏Ç‡∏≠‡∏á‡πÄ‡∏•‡πà‡∏ô‡πÄ‡∏î‡πá‡∏Å ‡∏ó‡∏≥‡∏≠‡∏≤‡∏´‡∏≤‡∏£ ‡∏Ç‡∏ô‡∏° ‡∏õ‡∏±‡πâ‡∏ô‡∏ï‡∏∏‡πä‡∏Å‡∏ï‡∏≤‡∏ô‡πà‡∏≤‡∏£‡∏±‡∏Å ‡πÅ‡∏°‡πà‡∏û‡∏¥‡∏°‡∏û‡πå‡∏î‡∏¥‡∏ô‡∏ô‡πâ‡∏≥‡∏°‡∏±‡∏ô‡∏™‡∏≥‡∏´‡∏£‡∏±‡∏ö‡πÄ‡∏î‡πá‡∏Å,‡∏Å‡∏£‡∏∏‡∏á‡πÄ‡∏ó‡∏û‡∏°‡∏´‡∏≤‡∏ô‡∏Ñ‡∏£,4.9,19.0,39 ‡∏ä‡∏¥‡πâ‡∏ô,"‡πÅ‡∏Æ‡∏°‡πÄ‡∏ö‡∏≠‡∏£‡πå‡πÄ‡∏Å‡∏≠‡∏£‡πåÔºàLÔºâ, ‡πÄ‡∏Ñ‡∏£‡∏∑‡πà‡∏≠‡∏á‡∏Å‡πã‡∏ß‡∏¢‡πÄ‡∏ï‡∏µ‡πã‡∏¢‡∏ßÔºàLÔºâ, ‡πÑ‡∏≠‡∏®‡∏Ñ‡∏£‡∏µ‡∏°ÔºàLÔºâ",399.0,209.0,48%,RUGBAN,,lazada,5127615693,100192611284
https://www.lazada.co.th/products/nara-non-drying-dough-150-12-i1153060432.html,NARA Non-Drying Dough (‡πÅ‡∏õ‡πâ‡∏á‡πÇ‡∏î‡∏ß‡πå‡∏ä‡∏ô‡∏¥‡∏î‡πÑ‡∏°‡πà‡πÅ‡∏´‡πâ‡∏á) ‡∏Ç‡∏ô‡∏≤‡∏î 150 ‡∏Å‡∏£‡∏±‡∏° (‡∏°‡∏µ‡πÉ‡∏´‡πâ‡πÄ‡∏•‡∏∑‡∏≠‡∏Å 12 ‡∏™‡∏µ),‡∏Å‡∏£‡∏∏‡∏á‡πÄ‡∏ó‡∏û‡∏°‡∏´‡∏≤‡∏ô‡∏Ñ‡∏£,4.892857142857143,56.0,707 ‡∏ä‡∏¥‡πâ‡∏ô,"Neon violet, Neon orange, Neon yellow, Neon green, Red, Black, White, Neon pink, Neon red, Blue, Violet, Green",110.0,110.0,,NARA Global,,lazada,1153060432,30426
https://www.lazada.co.th/products/10-colour-dough-toys-party-pack-10-mini-toys-kidtoy-i365160950.html,‡πÅ‡∏õ‡πâ‡∏á‡πÇ‡∏î‡∏ß‡πå‡∏´‡∏•‡∏≠‡∏î 10 ‡∏™‡∏µ Colour Dough Toys Party Pack 10 Mini ‡∏Ç‡∏≠‡∏á‡πÄ‡∏•‡πà‡∏ô‡πÄ‡∏î‡πá‡∏Å Toys ‡∏™‡∏£‡πâ‡∏≤‡∏á‡πÄ‡∏™‡∏£‡∏¥‡∏°‡∏û‡∏±‡∏í‡∏ô‡∏≤‡∏Å‡∏≤‡∏£‡πÄ‡∏î‡πá‡∏Å ‡∏Ç‡∏≠‡∏á‡πÄ‡∏•‡πà‡∏ô‡∏™‡∏≥‡∏´‡∏£‡∏±‡∏ö‡πÄ‡∏î‡πá‡∏Å kidtoy,‡∏õ‡∏ó‡∏∏‡∏°‡∏ò‡∏≤‡∏ô‡∏µ,4.846153846153846,299.0,2.1K ‡∏ä‡∏¥‡πâ‡∏ô,‡∏´‡∏•‡∏≤‡∏Å‡∏™‡∏µ,200.0,69.0,66%,Idea_Toyshop,,lazada,365160950,1000071788
https://www.lazada.co.th/products/super-clay-i4422984345.html,[Super Clay] ‡∏î‡∏¥‡∏ô‡πÄ‡∏ö‡∏≤‡πÄ‡∏Å‡∏≤‡∏´‡∏•‡∏µ ‡∏Ç‡∏≠‡∏á‡πÄ‡∏•‡πà‡∏ô‡πÄ‡∏™‡∏£‡∏¥‡∏°‡∏û‡∏±‡∏í‡∏ô‡∏≤‡∏Å‡∏≤‡∏£ ‡πÄ‡∏Å‡∏£‡∏î‡∏û‡∏£‡∏µ‡πÄ‡∏°‡∏µ‡∏¢‡∏° ‡∏î‡∏¥‡∏ô‡∏ô‡∏∏‡πà‡∏°‡∏õ‡∏±‡πâ‡∏ô‡∏™‡∏ö‡∏≤‡∏¢ ‡∏Ç‡∏∂‡πâ‡∏ô‡∏ó‡∏£‡∏á‡∏≠‡∏¢‡∏π‡πà‡∏ï‡∏±‡∏ß ‡∏î‡∏¥‡∏ô‡∏ô‡πâ‡∏≥‡∏°‡∏±‡∏ô ‡πÅ‡∏õ‡πâ‡∏á‡πÇ‡∏î‡∏ß‡πå,‡∏™‡∏°‡∏∏‡∏ó‡∏£‡∏õ‡∏£‡∏≤‡∏Å‡∏≤‡∏£,5.0,8.0,76 ‡∏ä‡∏¥‡πâ‡∏ô,"12 ‡∏™‡∏µ, 24 ‡∏™‡∏µ",199.0,181.0,9%,Double EQ Plus,,lazada,4422984345,1000023905
https://www.lazada.co.th/products/-i4947037499.html,‡πÅ‡∏õ‡πâ‡∏á‡πÇ‡∏î ‡πÅ‡∏õ‡πâ‡∏á‡πÄ‡∏õ‡∏•‡πà‡∏≤ ‡πÄ‡∏™‡∏£‡∏¥‡∏°‡∏û‡∏±‡∏í‡∏ô‡∏≤‡∏Å‡∏≤‡∏£,‡∏Å‡∏£‡∏∏‡∏á‡πÄ‡∏ó‡∏û‡∏°‡∏´‡∏≤‡∏ô‡∏Ñ‡∏£,5.0,3.0,12 ‡∏ä‡∏¥‡πâ‡∏ô,"‡πÅ‡∏õ‡πâ‡∏á‡πÇ‡∏î/8062, ‡πÅ‡∏õ‡πâ‡∏á‡πÇ‡∏î/6610, ‡πÅ‡∏õ‡πâ‡∏á‡πÇ‡∏î/‡πÄ‡∏Ñ‡πá‡∏Å/581B, ‡πÅ‡∏õ‡πâ‡∏á‡πÇ‡∏î‡∏≠‡∏≤‡∏´‡∏≤‡∏£‡πÄ‡∏ä‡πâ‡∏≤/581A, ‡πÅ‡∏õ‡πâ‡∏á‡πÇ‡∏î/D1, ‡πÅ‡∏õ‡πâ‡∏á‡πÇ‡∏î/9115, ‡πÅ‡∏õ‡πâ‡∏á‡πÇ‡∏î/5838-129, ‡πÅ‡∏õ‡πâ‡∏á‡πÇ‡∏î‡∏´‡∏°‡∏≠‡∏ü‡∏±‡∏ô/6611",59.0,59.0,,‡πÄ‡∏≠‡πÄ‡∏à ‡∏ó‡∏≠‡∏¢‡∏™‡πå,,lazada,4947037499,100543456442
https://www.lazada.co.th/products/10-10-color-dough-party-pack-i4535179563.html,‡πÅ‡∏õ‡πâ‡∏á‡πÇ‡∏î‡∏ß‡πå 10 ‡∏™‡∏µ 10 ‡∏Å‡∏£‡∏∞‡∏õ‡∏∏‡∏Å ‡πÄ‡∏™‡∏£‡∏¥‡∏°‡∏û‡∏±‡∏ï‡∏ô‡∏≤‡∏Å‡∏≤‡∏£ ‡∏Ç‡∏≠‡∏á‡πÄ‡∏•‡πà‡∏ô‡πÄ‡∏î‡πá‡∏Å Color Dough Party Pack ‡∏î‡∏¥‡∏ô‡πÄ‡∏ö‡∏≤ ‡πÅ‡∏õ‡πâ‡∏á‡∏õ‡∏±‡πâ‡∏ô,‡∏Å‡∏£‡∏∏‡∏á‡πÄ‡∏ó‡∏û‡∏°‡∏´‡∏≤‡∏ô‡∏Ñ‡∏£,4.951807228915663,166.0,1.1K ‡∏ä‡∏¥‡πâ‡∏ô,,69.0,54.0,22%,Joylife store,,lazada,4535179563,100178961488
https://www.lazada.co.th/products/-i4036046206.html,‡πÅ‡∏õ‡πâ‡∏á‡πÇ‡∏î‡∏ß‡πå‡∏î‡∏¥‡∏ô‡∏ô‡πâ‡∏≥‡∏°‡∏±‡∏ô ‡∏î‡∏¥‡∏ô‡πÄ‡∏ö‡∏≤ ‡∏ä‡∏∏‡∏î‡πÑ‡∏≠‡∏ï‡∏¥‡∏° ‡∏Ç‡∏≠‡∏á‡πÄ‡∏•‡πà‡∏ô‡πÄ‡∏î‡πá‡∏Å ‡∏ó‡∏≥‡∏≠‡∏≤‡∏´‡∏≤‡∏£ ‡∏Ç‡∏ô‡∏° ‡∏õ‡∏±‡πâ‡∏ô‡∏ï‡∏∏‡πä‡∏Å‡∏ï‡∏≤‡∏ô‡πà‡∏≤‡∏£‡∏±‡∏Å ‡πÅ‡∏°‡πà‡∏û‡∏¥‡∏°‡∏û‡πå‡∏î‡∏¥‡∏ô‡∏ô‡πâ‡∏≥‡∏°‡∏±‡∏ô‡∏™‡∏≥‡∏´‡∏£‡∏±‡∏ö‡πÄ‡∏î‡πá‡∏Å,‡∏™‡∏°‡∏∏‡∏ó‡∏£‡∏õ‡∏£‡∏≤‡∏Å‡∏≤‡∏£,4.956521739130435,345.0,1.6K ‡∏ä‡∏¥‡πâ‡∏ô,"‡∏ä‡∏∏‡∏î‡πÄ‡∏ö‡∏≠‡∏£‡πå‡πÄ‡∏Å‡∏≠‡∏£‡πå, ‡∏ä‡∏∏‡∏î‡πÑ‡∏≠‡∏ï‡∏¥‡∏°‡πÅ‡∏ó‡πà‡∏á, ‡∏ä‡∏∏‡∏î‡∏Ç‡∏ô‡∏°‡∏õ‡∏±‡∏á, ‡∏ä‡∏∏‡∏î‡∏Ç‡∏ô‡∏°‡∏´‡∏ß‡∏≤‡∏ô, ‡∏ä‡∏∏‡∏î‡∏û‡∏¥‡∏ã‡∏ã‡πà‡∏≤, ‡∏ä‡∏∏‡∏î‡∏™‡∏±‡∏ï‡∏ß‡πå, ‡∏ä‡∏∏‡∏î‡∏™‡∏±‡∏ï‡∏ß‡πå‡∏ó‡∏∞‡πÄ‡∏•, ‡∏ä‡∏∏‡∏î‡∏ú‡∏±‡∏Å‡∏ú‡∏•‡πÑ‡∏°‡πâ, ‡∏ä‡∏∏‡∏î‡∏´‡∏°‡∏≠‡∏ü‡∏±‡∏ô, ‡∏ä‡∏∏‡∏î‡∏´‡∏°‡∏≠‡∏ü‡∏±‡∏ô(L), ‡∏ä‡∏∏‡∏î‡πÄ‡∏ö‡∏≠‡∏£‡πå‡πÄ‡∏Å‡∏≠‡∏£‡πå (L), ‡∏ä‡∏∏‡∏î‡∏£‡∏≤‡πÄ‡∏°‡∏á(L), ‡∏ä‡∏∏‡∏î‡πÑ‡∏≠‡∏ï‡∏¥‡∏°(L)",219.0,108.0,51%,Double EQ Plus,,lazada,4036046206,1000023905
https://www.lazada.co.th/products/10-10-i3443749267.html,‡πÅ‡∏õ‡πâ‡∏á‡πÇ‡∏î‡∏ß‡πå ‡∏î‡∏¥‡∏ô‡πÄ‡∏ö‡∏≤‡∏™‡∏µ‡∏™‡∏î (‡∏ã‡∏∑‡πâ‡∏≠10 ‡∏Å‡∏£‡∏∞‡∏õ‡∏∏‡∏Å ‡πÅ‡∏ñ‡∏° 10 ‡∏Å‡∏£‡∏∞‡∏õ‡∏∏‡∏Å) ‡πÅ‡∏õ‡πâ‡∏á‡πÄ‡∏ô‡∏µ‡∏¢‡∏ô ‡∏™‡∏µ‡∏™‡∏ß‡∏¢‡∏™‡∏î‡πÉ‡∏™ ‡∏Ç‡∏≠‡∏á‡πÄ‡∏•‡πà‡∏ô‡πÄ‡∏™‡∏£‡∏¥‡∏°‡∏û‡∏±‡∏í‡∏ô‡∏≤‡∏Å‡∏≤‡∏£ ‡∏Ç‡∏≠‡∏á‡πÄ‡∏•‡πà‡∏ô‡πÄ‡∏™‡∏£‡∏¥‡∏°‡∏ó‡∏±‡∏Å‡∏©‡∏∞,‡∏Å‡∏£‡∏∏‡∏á‡πÄ‡∏ó‡∏û‡∏°‡∏´‡∏≤‡∏ô‡∏Ñ‡∏£,5.0,1.0,,,149.0,149.0,,TigerHome,,lazada,3443749267,100194849527
https://www.lazada.co.th/products/diy-i4978694461.html,‡∏ä‡∏∏‡∏î‡∏Ç‡∏≠‡∏á‡πÄ‡∏•‡πà‡∏ô ‡πÅ‡∏õ‡πâ‡∏á‡πÇ‡∏î‡∏ß‡πå ‡∏î‡∏¥‡∏ô‡πÄ‡∏ö‡∏≤‡πÄ‡∏î‡πá‡∏Å ‡∏Ç‡∏≠‡∏á‡πÄ‡∏•‡πà‡∏ô‡∏ó‡∏≥‡∏≠‡∏≤‡∏´‡∏≤‡∏£ ‡∏ä‡∏∏‡∏î‡πÅ‡∏õ‡πâ‡∏á‡πÇ‡∏î‡∏ß‡πå ‡∏ó‡∏≥‡∏à‡∏≤‡∏Å‡πÅ‡∏õ‡πâ‡∏á‡∏™‡∏≤‡∏•‡∏µ ‡πÑ‡∏≠‡∏®‡∏Å‡∏£‡∏µ‡∏° ‡πÅ‡∏Æ‡∏°‡πÄ‡∏ö‡∏≠‡∏£‡πå‡πÄ‡∏Å‡∏≠‡∏£‡πå ‡∏û‡∏≤‡∏™‡∏ï‡πâ‡∏≤ ‡∏Ç‡∏≠‡∏á‡πÄ‡∏•‡πà‡∏ô‡πÄ‡∏î‡πá‡∏Å DIY,‡∏Å‡∏£‡∏∏‡∏á‡πÄ‡∏ó‡∏û‡∏°‡∏´‡∏≤‡∏ô‡∏Ñ‡∏£,5.0,20.0,59 ‡∏ä‡∏¥‡πâ‡∏ô,"A, B, C, D",425.0,157.0,63%,MoJi Toy,,lazada,4978694461,100395104829
https://www.lazada.co.th/products/1-1-10-10-20-toys-i2136060339.html,‡πÅ‡∏õ‡πâ‡∏á‡πÇ‡∏î‡∏ß‡πå  ‡∏ã‡∏∑‡πâ‡∏≠ 1 ‡πÅ‡∏ñ‡∏°1 üî•üî• 10 ‡∏™‡∏µ 10 ‡∏Å‡∏£‡∏∞‡∏õ‡∏∏‡∏Å ‡∏£‡∏ß‡∏° 20 ‡∏Å‡∏£‡∏∞‡∏õ‡∏∏‡∏Å ‡∏î‡∏¥‡∏ô‡πÄ‡∏ö‡∏≤ ‡∏î‡∏¥‡∏ô‡∏õ‡∏±‡πâ‡∏ô ‡πÑ‡∏£‡πâ‡∏™‡∏≤‡∏£‡∏û‡∏¥‡∏© ‡∏õ‡∏•‡∏≠‡∏î‡∏†‡∏±‡∏¢ ‡∏Ç‡∏≠‡∏á‡πÄ‡∏•‡πà‡∏ô‡πÄ‡∏î‡πá‡∏Å Toys ‡∏î‡∏¥‡∏ô‡∏õ‡∏±‡πâ‡∏ô ‡∏™‡∏£‡πâ‡∏≤‡∏á‡πÄ‡∏™‡∏£‡∏¥‡∏°‡∏û‡∏±‡∏í‡∏ô‡∏≤‡∏Å‡∏≤‡∏£‡πÄ‡∏î‡πá‡∏Å,‡∏Å‡∏£‡∏∏‡∏á‡πÄ‡∏ó‡∏û‡∏°‡∏´‡∏≤‡∏ô‡∏Ñ‡∏£,4.794444444444444,180.0,957 ‡∏ä‡∏¥‡πâ‡∏ô,"‡πÑ‡∏ã‡∏ï‡πå ‡πÉ‡∏´‡∏ç‡πà, ‡πÑ‡∏ã‡∏ï‡πå ‡πÄ‡∏•‡πá‡∏Å‡∏à‡∏¥‡πå‡∏ß",99.0,59.0,40%,Delight House,,lazada,2136060339,100190748223
https://www.lazada.co.th/products/150-i2569369857.html,‡πÅ‡∏õ‡πâ‡∏á‡πÇ‡∏î‡∏ß‡πå 150 ‡∏Å‡∏£‡∏±‡∏° ‡πÅ‡∏ñ‡∏°‡∏ñ‡∏∏‡∏á‡∏ã‡∏¥‡∏õ‡∏ü‡∏£‡∏µ ‡πÇ‡∏Æ‡∏°‡πÄ‡∏°‡∏î ‡∏õ‡∏•‡∏≠‡∏î‡∏™‡∏≤‡∏£,‡∏Ç‡∏≠‡∏ô‡πÅ‡∏Å‡πà‡∏ô,5.0,41.0,187 ‡∏ä‡∏¥‡πâ‡∏ô,"‡πÅ‡∏î‡∏á, ‡∏™‡∏µ‡πÄ‡∏´‡∏•‡∏∑‡∏≠‡∏á, ‡∏ä‡∏°‡∏û‡∏π, ‡πÄ‡∏Ç‡∏µ‡∏¢‡∏ß, ‡∏™‡πâ‡∏°, ‡∏ü‡πâ‡∏≤, ‡∏°‡πà‡∏ß‡∏á, ‡∏Ç‡∏≤‡∏ß, ‡∏î‡∏≥, ‡∏ô‡πâ‡∏≥‡πÄ‡∏á‡∏¥‡∏ô, ‡∏ô‡πâ‡∏≥‡∏ï‡∏≤‡∏•",17.0,17.0,,‡∏û‡∏≠‡πÉ‡∏à‡πÅ‡∏õ‡πâ‡∏á‡πÇ‡∏î‡∏ß‡πå‡πÇ‡∏Æ‡∏°‡πÄ‡∏°‡∏î,,lazada,2569369857,100191099597
https://www.lazada.co.th/products/play-doh-assortment-colour-classic-tubs-pack-of-4-i2936106081.html,Play-doh Assortment Colour Classic Tubs (pack Of 4) ‡πÄ‡∏õ‡∏•‡∏¢‡πå‡πÇ‡∏î‡∏ß‡πå  ‡∏Ç‡∏≠‡∏á‡πÄ‡∏•‡πà‡∏ô  ‡πÅ‡∏õ‡πâ‡∏á‡πÇ‡∏î‡∏ß‡πå ‡πÄ‡∏û‡∏•‡∏¢‡πå‡πÇ‡∏î‡∏ß‡πå ‡∏î‡∏¥‡∏ô‡∏ô‡πâ‡∏≥‡∏°‡∏±‡∏ô ‡∏õ‡∏±‡πâ‡∏ô ‡∏Ç‡∏≠‡∏á‡πÅ‡∏ó‡πâ,‡∏ô‡∏ô‡∏ó‡∏ö‡∏∏‡∏£‡∏µ,4.96,148.0,800 ‡∏ä‡∏¥‡πâ‡∏ô,‡∏´‡∏•‡∏≤‡∏Å‡∏™‡∏µ,395.0,244.0,38%,imageoutlet,,lazada,2936106081,100183780
https://www.lazada.co.th/products/200-i2569515363.html,‡πÅ‡∏õ‡πâ‡∏á‡πÇ‡∏î‡∏ß‡πå 200 ‡∏Å‡∏£‡∏±‡∏° ‡πÅ‡∏ñ‡∏°‡∏ñ‡∏∏‡∏á‡∏ã‡∏¥‡∏õ‡∏ü‡∏£‡∏µ ‡πÇ‡∏Æ‡∏°‡πÄ‡∏°‡∏î ‡∏õ‡∏•‡∏≠‡∏î‡∏™‡∏≤‡∏£ ‡∏£‡∏≤‡∏Ñ‡∏≤‡∏Ñ‡∏∏‡∏ì‡∏†‡∏≤‡∏û,‡∏Ç‡∏≠‡∏ô‡πÅ‡∏Å‡πà‡∏ô,5.0,21.0,100 ‡∏ä‡∏¥‡πâ‡∏ô,"‡∏™‡∏µ‡πÅ‡∏î‡∏á, ‡∏™‡∏µ‡πÄ‡∏Ç‡∏µ‡∏¢‡∏ß‡πÄ‡∏Ç‡πâ‡∏°, ‡∏™‡∏µ‡∏ä‡∏°‡∏û‡∏π, ‡∏™‡∏µ‡∏ü‡πâ‡∏≤, ‡∏™‡∏µ‡∏™‡πâ‡∏°, ‡∏™‡∏µ‡∏Ç‡∏≤‡∏ß, ‡∏™‡∏µ‡∏°‡πà‡∏ß‡∏á Purple, ‡∏™‡∏µ‡∏ô‡πâ‡∏≥‡∏ï‡∏≤‡∏•, ‡∏™‡∏µ‡∏î‡∏≥, ‡∏™‡∏µ‡πÄ‡∏Ç‡∏µ‡∏¢‡∏ß‡∏≠‡πà‡∏≠‡∏ô, ‡∏™‡∏µ‡∏ô‡πâ‡∏≥‡πÄ‡∏á‡∏¥‡∏ô, ‡∏™‡∏µ‡πÄ‡∏´‡∏•‡∏∑‡∏≠‡∏á",23.0,23.0,,‡∏û‡∏≠‡πÉ‡∏à‡πÅ‡∏õ‡πâ‡∏á‡πÇ‡∏î‡∏ß‡πå‡πÇ‡∏Æ‡∏°‡πÄ‡∏°‡∏î,,lazada,2569515363,100191099597
https://www.lazada.co.th/products/-i3216041696.html,‡πÅ‡∏õ‡πâ‡∏á‡πÇ‡∏î‡∏ß‡πå‡∏ñ‡∏∏‡∏á‡∏ã‡∏¥‡∏õ ‡πÑ‡∏£‡πâ‡∏™‡∏≤‡∏£‡∏û‡∏¥‡∏© ‡∏õ‡∏•‡∏≠‡∏î‡∏†‡∏±‡∏¢‡∏™‡∏≥‡∏´‡∏£‡∏±‡∏ö‡πÄ‡∏î‡πá‡∏Åüî•‡∏£‡∏≤‡∏Ñ‡∏≤‡∏ñ‡∏π‡∏Å‡∏™‡∏∏‡∏î‡πÜ,‡∏ô‡∏ô‡∏ó‡∏ö‡∏∏‡∏£‡∏µ,4.99645390070922,282.0,2.3K ‡∏ä‡∏¥‡πâ‡∏ô,"‡∏™‡∏µ‡πÅ‡∏î‡∏á, ‡∏™‡∏µ‡πÄ‡∏´‡∏•‡∏∑‡∏≠‡∏á, ‡∏™‡∏µ‡∏ä‡∏°‡∏û‡∏π, ‡∏™‡∏µ‡πÄ‡∏Ç‡∏µ‡∏¢‡∏ß‡∏≠‡πà‡∏≠‡∏ô, ‡∏™‡∏µ‡∏™‡πâ‡∏°, ‡∏™‡∏µ‡∏ü‡πâ‡∏≤, ‡∏™‡∏µ‡∏°‡πà‡∏ß‡∏á‡πÄ‡∏Ç‡πâ‡∏°, ‡∏™‡∏µ‡πÄ‡∏Ç‡∏µ‡∏¢‡∏ß‡πÅ‡∏Å‡πà, ‡∏™‡∏µ‡∏ô‡πâ‡∏≥‡∏ï‡∏≤‡∏•‡πÄ‡∏Ç‡πâ‡∏°, ‡∏™‡∏µ‡∏ô‡πâ‡∏≥‡πÄ‡∏á‡∏¥‡∏ô, ‡∏™‡∏µ‡∏î‡∏≥, ‡∏™‡∏µ‡∏Ç‡∏≤‡∏ß, ‡∏™‡∏µ‡πÅ‡∏î‡∏á‡∏≠‡∏°‡∏™‡πâ‡∏°",11.0,11.0,,PuriDough,,lazada,3216041696,100192434215
https://www.lazada.co.th/products/sweetybayi-i5143146519.html,SWEETYBAYI ‡πÅ‡∏õ‡πâ‡∏á‡πÇ‡∏î‡∏ß‡πå ‡∏î‡∏¥‡∏ô‡πÄ‡∏ö‡∏≤ ‡∏Ç‡∏≠‡∏á‡πÄ‡∏•‡πà‡∏ô‡πÄ‡∏™‡∏£‡∏¥‡∏°‡∏û‡∏±‡∏í‡∏ô‡∏≤‡∏Å‡∏≤‡∏£ ‡πÄ‡∏Å‡∏£‡∏î‡∏û‡∏£‡∏µ‡πÄ‡∏°‡∏µ‡∏¢‡∏° ‡∏î‡∏¥‡∏ô‡∏ô‡∏∏‡πà‡∏°‡∏õ‡∏±‡πâ‡∏ô‡∏™‡∏ö‡∏≤‡∏¢ ‡∏Ç‡∏∂‡πâ‡∏ô‡∏ó‡∏£‡∏á‡∏≠‡∏¢‡∏π‡πà‡∏ï‡∏±‡∏ß ‡∏î‡∏¥‡∏ô‡∏ô‡πâ‡∏≥‡∏°‡∏±‡∏ô ‡πÑ‡∏°‡πà‡∏à‡∏≤‡∏á‡∏´‡∏≤‡∏¢,‡∏™‡∏°‡∏∏‡∏ó‡∏£‡∏™‡∏≤‡∏Ñ‡∏£,5.0,34.0,164 ‡∏ä‡∏¥‡πâ‡∏ô,"12Color, 24Color, 36Color",85.0,56.3,34%,sweetybayi,,lazada,5143146519,100551520909
https://www.lazada.co.th/products/10-10-i3107179689.html,(üî•‡πÄ‡∏Å‡πá‡∏ö‡πÇ‡∏Ñ‡πâ‡∏î‡∏•‡∏î10%)‡πÅ‡∏õ‡πâ‡∏á‡πÇ‡∏î‡∏ß‡πå ‡∏Å‡∏£‡∏∞‡∏õ‡∏∏‡∏Å‡πÉ‡∏´‡∏ç‡πà ‡πÄ‡∏ã‡πá‡∏ï‡πÅ‡∏õ‡πâ‡∏á‡πÇ‡∏î‡∏ß‡πå 10 ‡∏Å‡∏£‡∏∞‡∏õ‡∏∏‡∏Å,‡∏û‡∏¥‡∏©‡∏ì‡∏∏‡πÇ‡∏•‡∏Å,4.9338235294117645,136.0,702 ‡∏ä‡∏¥‡πâ‡∏ô,"‡∏Å‡∏£‡∏∞‡∏õ‡∏∏‡∏Å‡πÉ‡∏´‡∏ç‡πà+‡πÅ‡∏°‡πà‡∏û‡∏¥‡∏°‡∏û‡πå 12in1, ‡πÅ‡∏õ‡πâ‡∏á‡πÇ‡∏î‡∏ß‡πå‡πÉ‡∏´‡∏ç‡πà24 ‡∏Å‡∏£‡∏∞‡∏õ‡∏∏‡∏Å‡πÉ‡∏´‡∏ç‡πã, ‡∏Å‡∏£‡∏∞‡∏õ‡∏∏‡∏Å‡πÄ‡∏•‡πá‡∏Å+‡πÅ‡∏°‡πà‡∏û‡∏¥‡∏°‡∏û‡πå, ‡∏Å‡∏£‡∏∞‡∏õ‡∏∏‡∏Å‡πÉ‡∏´‡∏ç‡πà, ‡∏Å‡∏£‡∏∞‡∏õ‡∏∏‡∏Å‡πÄ‡∏•‡πá‡∏Å+‡πÅ‡∏°‡πà‡∏û‡∏¥‡∏°‡∏û‡πå ‡∏Å‡∏•‡πà‡∏≠‡∏á‡∏•‡∏≤‡∏¢‡πÄ‡∏õ‡πá‡∏î",119.0,119.0,,CATCHASHOP,,lazada,3107179689,100082596
https://www.lazada.co.th/products/play-doh-modeling-compound-10-pack-2-2-i393034914.html,"Play-Doh Modeling Compound 10-Pack ‡∏Å‡∏£‡∏ì‡∏µ‡∏™‡∏µ‡∏õ‡∏•‡∏≠‡∏î‡∏™‡∏≤‡∏£‡∏û‡∏¥‡∏©,‡∏™‡∏µ‡∏™‡∏≤‡∏£‡∏û‡∏±‡∏ô, 2 ‡∏≠‡∏≠‡∏ô‡∏ã‡πå‡∏Å‡∏£‡∏∞‡∏õ‡πã‡∏≠‡∏á,‡∏≠‡∏≤‡∏¢‡∏∏ 2 ‡∏õ‡∏µ‡∏Ç‡∏∂‡πâ‡∏ô‡πÑ‡∏õ",China,4.857142857142857,64.0,615 ‡∏ä‡∏¥‡πâ‡∏ô,"10 pcs, 4 pcs (random color)",860.0,422.52,51%,Fastmarket.me,,lazada,393034914,100052392
https://www.lazada.co.th/products/8-molds-safari-6pcsset-i4126975871.html,‡∏Ñ‡∏¥‡∏î‡∏≠‡∏≤‡∏£‡πå‡∏ó ‡πÅ‡∏°‡πà‡∏û‡∏¥‡∏°‡∏û‡πå‡∏ã‡∏≤‡∏ü‡∏≤‡∏£‡∏µ ‡∏£‡∏π‡∏õ‡∏™‡∏±‡∏ï‡∏ß‡πå ‡πÅ‡∏°‡πà‡∏û‡∏¥‡∏°‡∏û‡πå‡∏î‡∏¥‡∏ô‡∏ô‡πâ‡∏≥‡∏°‡∏±‡∏ô ‡πÅ‡∏õ‡πâ‡∏á‡πÇ‡∏î‡∏ß‡πå 8‡∏ä‡∏¥‡πâ‡∏ô‡∏™‡∏∏‡∏î‡∏Ñ‡∏∏‡πâ‡∏° ‡∏Ñ‡∏•‡∏∞‡∏™‡∏µ/‡∏Ñ‡∏•‡∏∞‡πÅ‡∏ö‡∏ö Molds Safari 6Pcs./Set,‡∏õ‡∏ó‡∏∏‡∏°‡∏ò‡∏≤‡∏ô‡∏µ,4.857142857142857,7.0,14 ‡∏ä‡∏¥‡πâ‡∏ô,,100.0,55.0,45%,BestBuyStationery,,lazada,4126975871,100194777245
https://www.lazada.co.th/products/nara-dough-set-gluten-free-9-18-i3843421015.html,NARA Dough Set (Gluten Free) ‡πÄ‡∏ã‡πá‡∏ó‡πÅ‡∏õ‡πâ‡∏á‡πÇ‡∏î‡∏ß‡πå‡πÑ‡∏£‡πâ‡∏™‡∏≤‡∏£‡∏û‡∏¥‡∏©‡πÄ‡πÄ‡∏•‡∏∞‡∏Å‡∏•‡∏π‡πÄ‡∏ï‡πá‡∏ô 9 ‡∏™‡∏µ 18 ‡∏Å‡∏£‡∏∞‡∏õ‡∏∏‡∏Å ‡∏ö‡∏£‡∏£‡∏à‡∏∏‡πÉ‡∏ô‡∏Å‡∏•‡πà‡∏≠‡∏á‡∏î‡∏¥‡∏™‡πÄ‡∏û‡∏•‡∏¢‡πå,‡∏Å‡∏£‡∏∏‡∏á‡πÄ‡∏ó‡∏û‡∏°‡∏´‡∏≤‡∏ô‡∏Ñ‡∏£,4.9523809523809526,63.0,439 ‡∏ä‡∏¥‡πâ‡∏ô,"‡∏™‡∏µ‡∏ò‡∏£‡∏£‡∏°‡∏î‡∏≤/Normal, ‡∏™‡∏µ‡∏û‡∏≤‡∏™‡πÄ‡∏ó‡∏•/Pastel",499.0,499.0,,NARA Global,,lazada,3843421015,30426
https://www.lazada.co.th/products/-i523404116.html,‡πÅ‡∏õ‡πâ‡∏á‡πÇ‡∏î‡∏ß‡πå ‡πÄ‡∏™‡∏£‡∏¥‡∏°‡∏û‡∏±‡∏í‡∏ô‡∏≤‡∏Å‡∏≤‡∏£,‡∏™‡∏°‡∏∏‡∏ó‡∏£‡∏™‡∏≤‡∏Ñ‡∏£,4.748538011695906,171.0,1.0K ‡∏ä‡∏¥‡πâ‡∏ô,"‡πÅ‡∏õ‡πâ‡∏á‡πÇ‡∏î‡∏ß‡πå‡πÑ‡∏≠‡∏®‡∏Ñ‡∏£‡∏µ‡∏°, ‡πÅ‡∏õ‡πâ‡∏á‡πÇ‡∏î‡∏ß‡πå10‡∏™‡∏µ, ‡πÅ‡∏õ‡πâ‡∏á‡πÇ‡∏î‡∏ß‡πå‡πÇ‡∏û‡∏ô‡∏µ‡πà, ‡πÅ‡∏õ‡πâ‡∏á‡πÇ‡∏î‡∏ß‡πå12‡∏™‡∏µ (‡∏ñ‡∏∏‡∏á), ‡πÅ‡∏õ‡πâ‡∏á‡πÇ‡∏î‡∏ß‡πå‡πÑ‡∏î‡πÇ‡∏ô",199.0,59.0,70%,Winwintoyshop,,lazada,523404116,472
https://www.lazada.co.th/products/kuktoy-i4602240730.html,KUKTOY ‡∏Ç‡∏≠‡∏á‡πÄ‡∏•‡πà‡∏ô ‡πÅ‡∏õ‡πâ‡∏á‡πÇ‡∏î ‡πÅ‡∏õ‡πâ‡∏á‡∏õ‡∏±‡πâ‡∏ô # ‡πÅ‡∏õ‡πâ‡∏á‡πÇ‡∏î‡∏ß‡πå#‡πÅ‡∏õ‡πâ‡∏á‡∏õ‡∏±‡πâ‡∏ô#‡∏î‡∏¥‡∏ô‡∏ô‡πâ‡∏≥‡∏°‡∏±‡∏ô#‡∏î‡∏¥‡∏ô‡πÄ‡∏ö‡∏≤#‡∏Ç‡∏≠‡∏á‡πÄ‡∏•‡πà‡∏ô‡πÄ‡∏î‡πá‡∏Å#‡∏Ç‡∏≠‡∏á‡πÄ‡∏•‡πà‡∏ô‡∏™‡∏°‡∏°‡∏∏‡∏ï‡∏¥#‡∏Ç‡∏≠‡∏á‡πÄ‡∏•‡πà‡∏ô,‡∏ä‡∏•‡∏ö‡∏∏‡∏£‡∏µ,5.0,0.0,23 ‡∏ä‡∏¥‡πâ‡∏ô,"‡∏Ñ‡∏±‡∏û‡πÄ‡∏Ñ‡πá‡∏Å, ‡∏ú‡∏•‡πÑ‡∏°‡πâ, ‡πÑ‡∏≠‡∏™‡∏Å‡∏£‡∏µ‡∏°, ‡πÄ‡∏Ñ‡πá‡∏Å",79.0,79.0,,Yosita-shop,,lazada,4602240730,100183266284
https://www.lazada.co.th/products/nara-kids-tools-i3952110754.html,NARA Kids Tools ‡πÅ‡∏°‡πà‡∏û‡∏¥‡∏°‡∏û‡πå‡∏î‡∏¥‡∏ô‡∏ô‡πâ‡∏≥‡∏°‡∏±‡∏ô ‡πÅ‡∏°‡πà‡∏û‡∏¥‡∏°‡∏û‡πå‡∏û‡∏•‡∏≤‡∏™‡∏ï‡∏¥‡∏Å ‡∏™‡∏≥‡∏´‡∏£‡∏±‡∏ö‡∏î‡∏¥‡∏ô‡∏ô‡πâ‡∏≥‡∏°‡∏±‡∏ô ‡∏î‡∏¥‡∏ô‡πÄ‡∏ö‡∏≤ ‡πÅ‡∏õ‡πâ‡∏á‡πÇ‡∏î‡∏ß‡πå ‡πÇ‡∏ü‡∏°‡∏õ‡∏±‡πâ‡∏ô ‡∏î‡∏¥‡∏ô‡∏õ‡∏±‡πâ‡∏ô‡∏ó‡∏∏‡∏Å‡∏ä‡∏ô‡∏¥‡∏î (‡πÄ‡∏•‡∏∑‡∏≠‡∏Å‡∏ä‡∏∏‡∏î),‡∏û‡∏±‡∏á‡∏á‡∏≤,4.981481481481482,54.0,382 ‡∏ä‡∏¥‡πâ‡∏ô,"‡∏ä‡∏∏‡∏î6‡∏ä‡∏¥‡πâ‡∏ô ‡∏™‡∏±‡∏ï‡∏ß‡πå‡∏ó‡∏∞‡πÄ‡∏•, 16‡∏ä‡∏¥‡πâ‡∏ô ‡∏û‡∏≤‡∏™‡πÄ‡∏ó‡∏•, 10‡∏ä‡∏¥‡πâ‡∏ô 1‡∏ó‡∏µ‡πà‡∏ö‡∏î, ‡∏ä‡∏∏‡∏î animal, ‡∏ä‡∏∏‡∏î8‡∏ä‡∏¥‡πâ‡∏ô, ‡∏ä‡∏∏‡∏î6‡∏ä‡∏¥‡πâ‡∏ô, ‡∏ä‡∏∏‡∏î‡∏ö‡∏î, 3‡∏ä‡∏¥‡πâ‡∏ô ‡πÅ‡∏ö‡∏ö‡∏ó‡∏µ‡πà1, 3‡∏ä‡∏¥‡πâ‡∏ô ‡πÅ‡∏ö‡∏ö‡∏ó‡∏µ‡πà2, 3‡∏ä‡∏¥‡πâ‡∏ô ‡πÅ‡∏ö‡∏ö‡∏ó‡∏µ‡πà3, 3‡∏ä‡∏¥‡πâ‡∏ô ‡πÅ‡∏ö‡∏ö‡∏ó‡∏µ‡πà4, ‡∏´‡∏°‡∏µ‡∏ô‡πâ‡∏≠‡∏¢4‡∏Å‡πâ‡∏≠‡∏ô, ‡∏´‡∏°‡∏µ‡∏ô‡πâ‡∏≠‡∏¢6‡∏Å‡πâ‡∏≠‡∏ô",20.0,20.0,,GUNNY STATIONARY,,lazada,3952110754,1000336203
https://www.lazada.co.th/products/362412-i4888836279.html,‡∏î‡∏¥‡∏ô‡πÄ‡∏ö‡∏≤ 36/24/12 ‡∏™‡∏µ ‡∏î‡∏¥‡∏ô‡πÄ‡∏ö‡∏≤‡πÄ‡∏Å‡∏≤‡∏´‡∏•‡∏µ ‡∏î‡∏¥‡∏ô‡∏ô‡πâ‡∏≥‡∏°‡∏±‡∏ô‡πÄ‡∏î‡πá‡∏Å ‡∏Ç‡∏≠‡∏á‡πÄ‡∏•‡πà‡∏ô‡πÄ‡∏î‡πá‡∏Å‡∏ú‡∏π‡πâ‡∏´‡∏ç‡∏¥‡∏á ‡∏î‡∏¥‡∏ô‡∏ô‡πâ‡πç‡∏≤‡∏°‡∏±‡∏ô‡∏™‡πç‡∏≤‡∏´‡∏£‡∏±‡∏ö‡πÄ‡∏î‡πá‡∏Å ‡∏î‡∏¥‡∏ô‡∏ô‡πâ‡πç‡∏≤‡∏°‡∏±‡∏ô‡πÄ‡∏ö‡∏≤ ‡πÅ‡∏õ‡πâ‡∏á‡πÇ‡∏î‡∏ß‡πå‡∏Ç‡∏≠‡∏á‡πÄ‡∏•‡πà‡∏ô‡πÄ‡∏î‡πá‡∏Å ‡∏î‡∏¥‡∏ô‡∏ô‡πâ‡∏≥‡∏°‡∏±‡∏ô‡πÄ‡∏î‡πá‡∏Å‡πÜ,‡∏£‡∏∞‡∏¢‡∏≠‡∏á,4.959128065395095,734.0,3.7K ‡∏ä‡∏¥‡πâ‡∏ô,"24, 36, 12",59.0,27.67,53%,sawa-shop,,lazada,4888836279,100192239105
https://www.lazada.co.th/products/homemade-10-150-g-i2569522305.html,‡πÅ‡∏õ‡πâ‡∏á‡πÇ‡∏î‡∏ß‡πå homemade ‡∏ä‡∏∏‡∏î 10 ‡∏™‡∏µ ‡∏™‡∏µ‡∏•‡∏∞ 150 g,‡∏Ç‡∏≠‡∏ô‡πÅ‡∏Å‡πà‡∏ô,5.0,3.0,11 ‡∏ä‡∏¥‡πâ‡∏ô,,189.0,189.0,,‡∏û‡∏≠‡πÉ‡∏à‡πÅ‡∏õ‡πâ‡∏á‡πÇ‡∏î‡∏ß‡πå‡πÇ‡∏Æ‡∏°‡πÄ‡∏°‡∏î,,lazada,2569522305,100191099597
https://www.lazada.co.th/products/10-10-color-dough-party-pack-10pcs-i4336579811.html,‡πÅ‡∏õ‡πâ‡∏á‡πÇ‡∏î‡∏ß‡πå 10 ‡∏™‡∏µ 10 ‡∏Å‡∏£‡∏∞‡∏õ‡∏∏‡∏Å / ‡πÄ‡∏™‡∏£‡∏¥‡∏°‡∏û‡∏±‡∏í‡∏ô‡∏≤‡∏Å‡∏≤‡∏£ ‡πÄ‡∏™‡∏£‡∏¥‡∏°‡∏™‡∏£‡πâ‡∏≤‡∏á‡∏à‡∏¥‡∏ô‡∏ï‡∏ô‡∏≤‡∏Å‡∏≤‡∏£ Color Dough Party Pack 10pcs,‡∏Å‡∏£‡∏∏‡∏á‡πÄ‡∏ó‡∏û‡∏°‡∏´‡∏≤‡∏ô‡∏Ñ‡∏£,5.0,2.0,10 ‡∏ä‡∏¥‡πâ‡∏ô,1 ‡πÄ‡∏ã‡∏ï 10 ‡∏Å‡∏£‡∏∞‡∏õ‡∏∏‡∏Å,89.0,89.0,,‡πÄ‡∏õ‡πá‡∏ô‡πÄ‡∏û‡∏∑‡πà‡∏≠‡∏ô‡∏Å‡∏±‡∏ô,,lazada,4336579811,100255904502
https://www.lazada.co.th/products/set-9-i2412541886.html,[‡πÅ‡∏õ‡πâ‡∏á‡πÇ‡∏î‡∏ß‡πå ‡πÑ‡∏£‡πâ‡∏™‡∏≤‡∏£‡∏û‡∏¥‡∏©] ‡πÅ‡∏õ‡πâ‡∏á‡πÇ‡∏î‡∏ß‡πå‡∏†‡∏π‡∏£‡∏¥ ‡∏ä‡∏∏‡∏î‡∏Å‡∏•‡πà‡∏≠‡∏á‡∏Ç‡∏≠‡∏á‡∏Ç‡∏ß‡∏±‡∏ç Set 9 ‡∏™‡∏µ,‡∏ô‡∏ô‡∏ó‡∏ö‡∏∏‡∏£‡∏µ,5.0,5.0,42 ‡∏ä‡∏¥‡πâ‡∏ô,Happy every day,129.0,129.0,,PuriDough,,lazada,2412541886,100192434215
https://www.lazada.co.th/products/play-doh-original-foam-single-can-i2690501575.html,PLAY DOH (ORIGINAL) FOAM SINGLE CAN ‡πÇ‡∏ü‡∏°‡∏Å‡∏£‡∏∞‡∏õ‡πã‡∏≠‡∏á‡πÄ‡∏î‡∏µ‡πà‡∏¢‡∏ß ‡∏™‡∏µ‡πÄ‡∏Ç‡∏µ‡∏¢‡∏ß ‡∏Ç‡∏≠‡∏á‡πÄ‡∏•‡πà‡∏ô ‡∏Å‡∏£‡∏∞‡∏õ‡πã‡∏≠‡∏á‡∏™‡∏µ ‡πÅ‡∏õ‡πâ‡∏á‡πÇ‡∏î‡∏ß‡πå ‡πÄ‡∏û‡∏•‡∏¢‡πå‡πÇ‡∏î‡∏ß‡πå ‡πÇ‡∏ü‡∏°,‡∏ô‡∏ô‡∏ó‡∏ö‡∏∏‡∏£‡∏µ,5.0,2.0,12 ‡∏ä‡∏¥‡πâ‡∏ô,‡∏™‡∏µ‡πÄ‡∏Ç‡∏µ‡∏¢‡∏ß,195.0,180.0,8%,imageoutlet,,lazada,2690501575,100183780
https://www.lazada.co.th/products/12-170-g-i2569433596.html,‡πÅ‡∏õ‡πâ‡∏á‡πÇ‡∏î‡∏ß‡πå 12 ‡πÄ‡∏â‡∏î‡∏™‡∏µ ‡∏ä‡∏∏‡∏î‡πÄ‡∏•‡πà‡∏ô‡∏à‡∏∏‡πÉ‡∏à ‡∏™‡∏µ‡∏•‡∏∞ 170 g ‡πÇ‡∏Æ‡∏°‡πÄ‡∏°‡∏î ‡∏õ‡∏•‡∏≠‡∏î‡∏™‡∏≤‡∏£,‡∏Ç‡∏≠‡∏ô‡πÅ‡∏Å‡πà‡∏ô,5.0,1.0,11 ‡∏ä‡∏¥‡πâ‡∏ô,,285.0,285.0,,‡∏û‡∏≠‡πÉ‡∏à‡πÅ‡∏õ‡πâ‡∏á‡πÇ‡∏î‡∏ß‡πå‡πÇ‡∏Æ‡∏°‡πÄ‡∏°‡∏î,,lazada,2569433596,100191099597
https://www.lazada.co.th/products/play-dough-i3010721463.html,‡πÅ‡∏õ‡πâ‡∏á‡πÇ‡∏î‡∏ß‡πå  ‡∏î‡∏¥‡∏ô‡∏õ‡∏±‡πâ‡∏ô ‡∏î‡∏¥‡∏ô‡πÄ‡∏ö‡∏≤  ‡∏î‡∏¥‡∏ô‡∏ô‡πâ‡∏≥‡∏°‡∏±‡∏ô   play Dough,‡∏Å‡∏£‡∏∏‡∏á‡πÄ‡∏ó‡∏û‡∏°‡∏´‡∏≤‡∏ô‡∏Ñ‡∏£,4.894736842105263,38.0,149 ‡∏ä‡∏¥‡πâ‡∏ô,"‡πÄ‡∏Ç‡∏µ‡∏¢‡∏ß, ‡∏ü‡πâ‡∏≤",129.0,129.0,,ff kids toys,,lazada,3010721463,1000532563
https://www.lazada.co.th/products/lookmeeshop-1-12-i4873702540.html,LookmeeShop ‡∏î‡∏¥‡∏ô‡πÄ‡∏ö‡∏≤‡πÄ‡∏Å‡∏≤‡∏´‡∏•‡∏µ ‡πÅ‡∏õ‡πâ‡∏á‡∏õ‡∏±‡πâ‡∏ô ‡πÅ‡∏õ‡πâ‡∏á‡πÇ‡∏î‡∏ß ‡∏û‡∏£‡πâ‡∏≠‡∏°‡∏Å‡∏•‡πà‡∏≠‡∏á‡πÄ‡∏Å‡πá‡∏ö‡πÅ‡∏•‡∏∞‡∏≠‡∏∏‡∏õ‡∏Å‡∏£‡∏ì‡πå‡∏õ‡∏±‡πâ‡∏ô 1‡∏ä‡∏∏‡∏î 12‡∏™‡∏µ ‡∏õ‡∏•‡∏≠‡∏î‡∏†‡∏±‡∏¢‡∏ï‡πà‡∏≠‡πÄ‡∏î‡πá‡∏Å ‡πÑ‡∏°‡πà‡∏°‡∏µ‡∏™‡∏≤‡∏£‡∏û‡∏¥‡∏©,‡∏Å‡∏£‡∏∏‡∏á‡πÄ‡∏ó‡∏û‡∏°‡∏´‡∏≤‡∏ô‡∏Ñ‡∏£,4.901515151515151,131.0,482 ‡∏ä‡∏¥‡πâ‡∏ô,"‡∏õ‡∏±‡πâ‡∏ô‡πÜ 12in1 Blue, ‡∏õ‡∏±‡πâ‡∏ô‡πÜ 12in1 Pink, ‡πÅ‡∏õ‡πâ‡∏á‡πÇ‡∏î‡∏ß‡πå12‡∏™‡∏µ+‡∏ä‡∏∏‡∏î‡∏õ‡∏±‡πâ‡∏ô, 1‡∏ñ‡∏∏‡∏á 50‡∏Å‡∏£‡∏±‡∏° ‡∏Ñ‡∏•‡∏∞‡∏™‡∏µ",69.0,19.0,72%,Lookmee Shop,,lazada,4873702540,5618
https://www.lazada.co.th/products/play-doh-care-n-carry-vet-playset-with-toy-dog-storage-10-tools-and-5-modeling-compound-colors-non-toxic-i3990123590.html,"Play-Doh Care 'n Carry Vet Playset with Toy Dog, Storage, 10 Tools, and 5 Modeling Compound Colors, Non-Toxic ‡πÄ‡∏û‡∏•‡∏¢‡πå‡πÇ‡∏î‡∏ß‡πå   ‡∏Ç‡∏≠‡∏á‡πÄ‡∏•‡πà‡∏ô  ‡πÅ‡∏õ‡πâ‡∏á‡πÇ‡∏î‡∏ß‡πå ‡πÄ‡∏û‡∏•‡∏¢‡πå‡πÇ‡∏î‡∏ß‡πå ‡∏î‡∏¥‡∏ô‡∏ô‡πâ‡∏≥‡∏°‡∏±‡∏ô ‡∏õ‡∏±‡πâ‡∏ô ‡∏Ç‡∏≠‡∏á‡πÅ‡∏ó‡πâ",‡∏ô‡∏ô‡∏ó‡∏ö‡∏∏‡∏£‡∏µ,5.0,17.0,100 ‡∏ä‡∏¥‡πâ‡∏ô,‡∏´‡∏•‡∏≤‡∏Å‡∏™‡∏µ,1095.0,749.0,32%,imageoutlet,,lazada,3990123590,100183780
https://www.lazada.co.th/products/kids-learning-5-i4820207362.html,üèÖkids learningüèÖ‡πÄ‡∏ã‡∏ó‡πÅ‡∏õ‡πâ‡∏á‡πÇ‡∏î‡∏ß‡πå ‡πÅ‡∏õ‡πâ‡∏á‡πÇ‡∏î‡∏ß‡πå‡πÄ‡∏î‡πá‡∏Å‡∏°‡∏≤‡∏û‡∏£‡πâ‡∏≠‡∏°‡∏≠‡∏∏‡∏õ‡∏Å‡∏£‡∏ì‡πå ‡∏ä‡∏∏‡∏î‡πÅ‡∏õ‡πâ‡∏á‡πÇ‡∏î‡∏ß‡πå ‡∏°‡∏µ‡πÅ‡∏õ‡πâ‡∏á 5 ‡∏™‡∏µ,‡∏Å‡∏£‡∏∏‡∏á‡πÄ‡∏ó‡∏û‡∏°‡∏´‡∏≤‡∏ô‡∏Ñ‡∏£,5.0,2.0,8 ‡∏ä‡∏¥‡πâ‡∏ô,"‡∏•‡∏≤‡∏¢‡πÑ‡∏î‡πÇ‡∏ô‡πÄ‡∏™‡∏≤‡∏£‡πå, ‡∏•‡∏≤‡∏¢‡πÅ‡∏ú‡∏ô‡∏ó‡∏µ‡πà‡πÇ‡∏•‡∏Å, ‡∏•‡∏≤‡∏¢‡∏î‡∏≤‡∏ß‡πÄ‡∏Ñ‡∏£‡∏≤‡∏∞‡∏´‡πå, ‡∏•‡∏≤‡∏¢‡∏≠‡∏ß‡∏Å‡∏≤‡∏®",179.0,99.0,45%,Kids Learning,,lazada,4820207362,1000036472
https://www.lazada.co.th/products/10-10-i5248325367.html,‡πÅ‡∏õ‡πâ‡∏á‡πÇ‡∏î‡∏ß‡πå ‡∏´‡∏•‡∏≤‡∏Å‡∏™‡∏µ 10 ‡∏™‡∏µ 10 ‡∏Å‡∏£‡∏∞‡∏õ‡∏∏‡∏Å ‡πÅ‡∏õ‡πâ‡∏á‡πÇ‡∏î ‡πÅ‡∏õ‡πâ‡∏á‡πÇ‡∏î‡∏ß‡πå ‡πÅ‡∏õ‡πâ‡∏á‡πÇ‡∏î‡πÅ‡∏ô‡∏ß‡∏ï‡∏±‡πâ‡∏á ‡πÅ‡∏õ‡πâ‡∏á‡πÇ‡∏î‡∏ß‡πå‡πÅ‡∏ô‡∏ß‡∏ï‡∏±‡πâ‡∏á,‡∏≠‡∏∏‡∏î‡∏£‡∏ò‡∏≤‡∏ô‡∏µ,,,,‡πÅ‡∏õ‡πâ‡∏á‡πÇ‡∏î‡∏ß‡πå 10 ‡∏Å‡∏£‡∏∞‡∏õ‡∏∏‡∏Å,48.0,48.0,,Toys Eddy,,lazada,5248325367,1000084494
https://www.lazada.co.th/products/a-z-26-m26-kidart-molds-a-z-26pcsset-i3756626831.html,‡∏Ñ‡∏¥‡∏î‡∏≠‡∏≤‡∏£‡πå‡∏ó ‡πÅ‡∏°‡πà‡∏û‡∏¥‡∏°‡∏û‡πå A-Z 26‡∏ä‡∏¥‡πâ‡∏ô ‡πÅ‡∏°‡πà‡∏û‡∏¥‡∏°‡∏û‡πå‡πÄ‡∏•‡πà‡∏ô‡πÅ‡∏õ‡πâ‡∏á‡πÇ‡∏î‡∏ß‡πå ‡πÅ‡∏°‡πà‡∏û‡∏¥‡∏°‡∏û‡πå‡∏î‡∏¥‡∏ô‡∏ô‡πâ‡∏≥‡∏°‡∏±‡∏ô (M26)   Kidart Molds A-Z 26Pcs./Set,‡∏õ‡∏ó‡∏∏‡∏°‡∏ò‡∏≤‡∏ô‡∏µ,4.8,5.0,18 ‡∏ä‡∏¥‡πâ‡∏ô,,150.0,79.0,47%,BestBuyStationery,,lazada,3756626831,100194777245
https://www.lazada.co.th/products/-i5111101248.html,‡∏î‡∏¥‡∏ô‡πÄ‡∏ö‡∏≤‡πÄ‡∏™‡∏£‡∏¥‡∏°‡∏™‡∏£‡πâ‡∏≤‡∏á‡∏à‡∏¥‡∏ô‡∏ï‡∏ô‡∏≤‡∏Å‡∏≤‡∏£ ‡∏û‡∏£‡πâ‡∏≠‡∏°‡∏≠‡∏∏‡∏õ‡∏Å‡∏£‡∏ì‡πå‡∏™‡∏≥‡∏´‡∏£‡∏±‡∏ö‡∏õ‡∏±‡πà‡∏ô ‡πÑ‡∏°‡πà‡∏ï‡∏¥‡∏î‡∏°‡∏∑‡∏≠ ‡∏™‡∏µ‡∏™‡∏±‡∏ô‡∏™‡∏ß‡∏¢ ‡∏õ‡∏•‡∏≠‡∏î‡∏†‡∏±‡∏¢‡πÑ‡∏£‡πâ‡∏™‡∏≤‡∏£‡∏û‡∏¥‡∏© ‡∏Ç‡∏∂‡πâ‡∏ô‡∏ó‡∏£‡∏á‡∏≠‡∏¢‡∏π‡πà‡∏ï‡∏±‡∏ß ‡∏î‡∏¥‡∏ô‡∏ô‡πâ‡∏≥‡∏°‡∏±‡∏ô ‡πÅ‡∏õ‡πâ‡∏á‡πÇ‡∏î‡∏ß‡πå,‡∏Å‡∏£‡∏∏‡∏á‡πÄ‡∏ó‡∏û‡∏°‡∏´‡∏≤‡∏ô‡∏Ñ‡∏£,5.0,1.0,,"18pcs, 34pcs",340.0,130.22,62%,Aami_shop,,lazada,5111101248,100394512773
https://www.lazada.co.th/products/-i5087862228.html,‡∏ä‡∏∏‡∏î‡πÅ‡∏õ‡πâ‡∏á‡πÇ‡∏î‡∏ß‡πå‡∏û‡∏¥‡∏ã‡∏ã‡πà‡∏≤‡πÄ‡∏™‡∏£‡∏¥‡∏°‡∏ó‡∏±‡∏Å‡∏©‡∏∞‡πÅ‡∏™‡∏ô‡∏™‡∏ô‡∏∏‡∏Å,‡∏ô‡∏ô‡∏ó‡∏ö‡∏∏‡∏£‡∏µ,5.0,3.0,6 ‡∏ä‡∏¥‡πâ‡∏ô,,220.0,150.0,32%,‡∏Ç‡∏≠‡∏á‡πÄ‡∏•‡πà‡∏ô‡∏Ñ‡∏∏‡∏ì‡πÅ‡∏Å‡πâ‡∏°‡∏¢‡∏∏‡πâ‡∏¢,,lazada,5087862228,100279656295
https://www.lazada.co.th/products/11012-i2507224451.html,‡πÅ‡∏õ‡πâ‡∏á‡πÇ‡∏î‡∏ß‡πå ‡∏û‡∏£‡πâ‡∏≠‡∏°‡∏≠‡∏∏‡∏õ‡∏Å‡∏£‡∏ì‡πå ‡∏ä‡∏∏‡∏î‡πÄ‡∏•‡πá‡∏Å (1‡∏ä‡∏∏‡∏î10/12‡∏™‡∏µ),‡∏Å‡∏£‡∏∏‡∏á‡πÄ‡∏ó‡∏û‡∏°‡∏´‡∏≤‡∏ô‡∏Ñ‡∏£,4.818181818181818,11.0,122 ‡∏ä‡∏¥‡πâ‡∏ô,,30.0,21.0,30%,TangJai.Shop,,lazada,2507224451,1000039513
https://www.lazada.co.th/products/-i4993000730.html,‡πÅ‡∏õ‡πâ‡∏á‡πÇ‡∏î‡∏ß‡πå ‡∏î‡∏¥‡∏ô‡∏ô‡πâ‡∏≥‡∏°‡∏±‡∏ô ‡∏î‡∏¥‡∏ô‡πÄ‡∏ö‡∏≤ ‡∏™‡πÑ‡∏•‡∏°‡πå ‡∏ä‡∏∏‡∏î‡πÄ‡∏•‡πà‡∏ô‡∏ó‡∏£‡∏≤‡∏¢ ‡∏ä‡∏∏‡∏î‡∏ï‡∏±‡∏Å‡∏ó‡∏£‡∏≤‡∏¢ ‡∏ó‡∏£‡∏≤‡∏¢‡∏ß‡∏¥‡∏ó‡∏¢‡∏≤‡∏®‡∏≤‡∏™‡∏ï‡∏£‡πå ‡πÄ‡∏•‡πà‡∏ô‡∏ó‡∏£‡∏≤‡∏¢ ‡∏Ç‡∏≠‡∏á‡πÄ‡∏•‡πà‡∏ô ‡∏Ç‡∏≠‡∏á‡πÄ‡∏•‡πà‡∏ô‡πÄ‡∏î‡πá‡∏Å,‡∏°‡∏∏‡∏Å‡∏î‡∏≤‡∏´‡∏≤‡∏£,,,,,79.0,79.0,,NJ ‡∏Ç‡∏≠‡∏á‡πÄ‡∏•‡πà‡∏ô,,lazada,4993000730,100194729812
https://www.lazada.co.th/products/toynamus-10-10-i940472036.html,toynamus ‡πÅ‡∏õ‡πâ‡∏á‡πÇ‡∏î‡∏ß‡πå 10 ‡∏Å‡∏£‡∏∞‡∏õ‡∏∏‡∏Å 10 ‡∏™‡∏µ ‡∏õ‡∏•‡∏≠‡∏î‡∏†‡∏±‡∏¢ ‡πÑ‡∏î‡πâ‡∏£‡∏µ‡∏ö‡∏°‡∏≤‡∏ï‡∏£‡∏ê‡∏≤‡∏ô ‡∏°‡∏≠‡∏Å.,‡∏Å‡∏£‡∏∏‡∏á‡πÄ‡∏ó‡∏û‡∏°‡∏´‡∏≤‡∏ô‡∏Ñ‡∏£,4.774869109947644,191.0,1.5K ‡∏ä‡∏¥‡πâ‡∏ô,"‡πÅ‡∏õ‡πâ‡∏á‡πÇ‡∏î‡∏ß‡πå‡∏´‡∏•‡∏≠‡∏î, ‡πÅ‡∏õ‡πâ‡∏á‡πÇ‡∏î‡∏ß‡πå‡∏´‡∏•‡∏≠‡∏î6‡∏ä‡∏¥‡πâ‡∏ô",99.0,79.0,20%,ToyNamus,,lazada,940472036,1000095751
https://www.lazada.co.th/products/8038-i4274405671.html,‡πÅ‡∏õ‡πâ‡∏á‡πÇ‡∏î‡∏ß‡πå ‡∏£‡∏π‡∏õ‡∏™‡∏±‡∏ï‡∏ß‡πå ‡∏£‡∏π‡∏õ‡∏Ç‡∏ô‡∏° 8038 ‡∏Ñ‡∏•‡∏∞‡∏•‡∏≤‡∏¢,‡∏Å‡∏£‡∏∏‡∏á‡πÄ‡∏ó‡∏û‡∏°‡∏´‡∏≤‡∏ô‡∏Ñ‡∏£,5.0,13.0,45 ‡∏ä‡∏¥‡πâ‡∏ô,,199.0,69.0,65%,Happytoys6977,,lazada,4274405671,100253478339
https://www.lazada.co.th/products/24-i5291328286.html,üßíüèªüëßüèª ‡πÄ‡∏ã‡∏ï‡πÅ‡∏õ‡πâ‡∏á‡πÇ‡∏î‡∏ß‡πå 24‡∏Å‡∏£‡∏∞‡∏õ‡∏∏‡∏Å ‡πÄ‡∏Å‡πá‡∏ö‡πÑ‡∏î‡πâ‡∏ô‡∏≤‡∏ô ‡πÑ‡∏°‡πà‡∏ï‡∏¥‡∏î‡∏°‡∏∑‡∏≠ ‡∏ô‡∏¥‡πà‡∏° ‡πÑ‡∏°‡πà‡πÄ‡∏´‡∏ô‡∏µ‡∏¢‡∏ß‡πÄ‡∏´‡∏ô‡∏≠‡∏∞‡∏´‡∏ô‡∏∞ ‡∏™‡∏µ‡∏™‡∏ß‡∏¢‡∏™‡∏î‡πÉ‡∏™  ‡∏Å‡∏•‡πâ‡∏≤‡∏°‡πÄ‡∏ô‡∏∑‡πâ‡∏≠‡∏°‡∏±‡∏î‡πÄ‡∏•‡πá‡∏Å ‡∏ù‡∏∂‡∏Å‡∏™‡∏°‡∏≤‡∏ò‡∏¥,‡∏Å‡∏£‡∏∞‡∏ö‡∏µ‡πà,,,,,320.0,320.0,,Playit.Now,,lazada,5291328286,100492944705
https://www.lazada.co.th/products/-i4736561186.html,‡∏≠‡∏∏‡∏õ‡∏Å‡∏£‡∏ì‡πå‡πÄ‡∏•‡πà‡∏ô‡πÅ‡∏õ‡πâ‡∏á‡πÇ‡∏î‡∏ß‡πå ‡∏ä‡∏¥‡πâ‡∏ô‡πÉ‡∏´‡∏ç‡πà ‡∏á‡∏≤‡∏ô‡∏î‡∏µ ‡∏™‡∏∏‡∏î‡∏Ñ‡∏∏‡πâ‡∏° ‡∏£‡∏≤‡∏Ñ‡∏≤‡∏õ‡∏£‡∏∞‡∏´‡∏¢‡∏±‡∏î ( ‡∏≠‡∏∏‡∏õ‡∏Å‡∏£‡∏ì‡πå‡πÄ‡∏•‡πà‡∏ô‡πÅ‡∏õ‡πâ‡∏á‡πÇ‡∏î‡∏ß‡πå),‡∏Å‡∏£‡∏∏‡∏á‡πÄ‡∏ó‡∏û‡∏°‡∏´‡∏≤‡∏ô‡∏Ñ‡∏£,,,,"‡πÅ‡∏õ‡πâ‡∏á10‡∏™‡∏µ, ‡∏≠‡∏∏‡∏õ‡∏Å‡∏£‡∏ì‡πå",79.0,79.0,,‡∏ã‡∏¥‡∏õ‡∏õ‡∏µ‡πâ‡πÑ‡∏ó‡∏¢‡πÅ‡∏•‡∏ô‡∏î‡πå,,lazada,4736561186,100431904179
https://www.lazada.co.th/products/12-i5106195046.html,‡∏î‡∏¥‡∏ô‡πÄ‡∏ö‡∏≤ 12 ‡∏™‡∏µ ‡πÅ‡∏õ‡πâ‡∏á‡πÇ‡∏î‡∏ß‡πå ‡∏î‡∏¥‡∏ô‡∏ô‡πâ‡∏≥‡∏°‡∏±‡∏ô ‡∏ü‡∏£‡∏µ!!‡∏≠‡∏∏‡∏õ‡∏Å‡∏£‡∏ì‡πå‡∏õ‡∏±‡πâ‡∏ô ‡∏î‡∏¥‡∏ô‡πÄ‡∏ö‡∏≤‡πÄ‡∏Å‡∏≤‡∏´‡∏•‡∏µ ‡∏Ç‡∏≠‡∏á‡πÄ‡∏•‡πà‡∏ô‡πÄ‡∏î‡πá‡∏Å ‡πÅ‡∏Æ‡∏ô‡∏î‡πå‡πÄ‡∏°‡∏î,‡∏™‡∏°‡∏∏‡∏ó‡∏£‡∏™‡∏≤‡∏Ñ‡∏£,4.5,2.0,9 ‡∏ä‡∏¥‡πâ‡∏ô,,24.0,20.0,17%,cs.store888,,lazada,5106195046,100192113702
https://www.lazada.co.th/products/1-1-10-20-i1347240192.html,üëë ‡∏û‡∏£‡πâ‡∏≠‡∏°‡∏™‡πà‡∏á‡∏à‡∏≤‡∏Å‡πÑ‡∏ó‡∏¢üëë ‡πÅ‡∏õ‡πâ‡∏á‡πÇ‡∏î‡∏ß‡πå1‡∏ü‡∏£‡∏µ  1‡∏ä‡∏∏‡∏î  10‡∏™‡∏µ 20 ‡∏Å‡∏£‡∏∞‡∏õ‡∏∏‡∏Å ‡πÄ‡∏™‡∏£‡∏¥‡∏°‡∏™‡∏£‡πâ‡∏≤‡∏á‡∏à‡∏¥‡∏ô‡∏ï‡∏ô‡∏≤‡∏Å‡∏≤‡∏£ ‡∏®‡∏¥‡∏•‡∏õ‡∏∞‡∏Å‡∏≤‡∏£‡πÄ‡∏£‡∏µ‡∏¢‡∏ô‡∏£‡∏π‡πâ,‡∏Å‡∏£‡∏∏‡∏á‡πÄ‡∏ó‡∏û‡∏°‡∏´‡∏≤‡∏ô‡∏Ñ‡∏£,4.893939393939394,264.0,1.4K ‡∏ä‡∏¥‡πâ‡∏ô,‡∏´‡∏•‡∏≠‡∏î‡πÉ‡∏™ 10‡∏™‡∏µ20‡∏Å‡∏£‡∏∞‡∏õ‡∏∏‡∏Å,200.0,129.0,36%,ALICE & KIDS,,lazada,1347240192,100020442
https://www.lazada.co.th/products/10-i4872746193.html,‡πÅ‡∏õ‡πâ‡∏á‡πÇ‡∏î ‡πÅ‡∏õ‡πâ‡∏á‡πÇ‡∏î‡∏ß ‡∏ä‡∏∏‡∏î‡∏Å‡∏£‡∏∞‡∏õ‡∏∏‡∏Å‡πÉ‡∏´‡∏ç‡πà ‡∏Ç‡∏≠‡∏á‡πÄ‡∏•‡πà‡∏ô‡∏î‡∏¥‡∏ô‡∏ô‡πâ‡∏≥‡∏°‡∏±‡∏ô 10‡∏Å‡∏£‡∏∞‡∏õ‡∏∏‡∏Å ‡πÅ‡∏õ‡πâ‡∏á‡πÇ‡∏î‡∏ß‡πÄ‡∏î‡πá‡∏Å ‡∏Ç‡∏≠‡∏á‡πÄ‡∏•‡πà‡∏ô‡πÄ‡∏™‡∏£‡∏¥‡∏°‡∏û‡∏±‡∏í‡∏ô‡∏≤‡∏Å‡∏≤‡∏£  ‡∏™‡∏¥‡∏ô‡∏Ñ‡πâ‡∏≤‡∏û‡∏£‡πâ‡∏≠‡∏°‡∏™‡πà‡∏á.,‡∏Å‡∏£‡∏∏‡∏á‡πÄ‡∏ó‡∏û‡∏°‡∏´‡∏≤‡∏ô‡∏Ñ‡∏£,5.0,4.0,26 ‡∏ä‡∏¥‡πâ‡∏ô,‡πÅ‡∏õ‡πâ‡∏á‡πÇ‡∏î‡∏ß-‡∏ä‡∏∏‡∏î‡πÉ‡∏´‡∏ç‡πà-,129.0,109.0,16%,Wow-Uni,,lazada,4872746193,100185156171
https://www.lazada.co.th/products/15-m15-kidart-molds-number-15pcsset-i3756609910.html,‡∏Ñ‡∏¥‡∏î‡∏≠‡∏≤‡∏£‡πå‡∏ó ‡πÅ‡∏°‡πà‡∏û‡∏¥‡∏°‡∏û‡πå‡∏ï‡∏±‡∏ß‡πÄ‡∏•‡∏Ç 15‡∏ä‡∏¥‡πâ‡∏ô ‡πÅ‡∏°‡πà‡∏û‡∏¥‡∏°‡∏û‡πå‡πÅ‡∏õ‡πâ‡∏á‡πÇ‡∏î‡∏ß‡πå ‡πÅ‡∏°‡πà‡∏û‡∏¥‡∏°‡∏û‡πå‡∏î‡∏¥‡∏ô‡∏ô‡πâ‡∏≥‡∏°‡∏±‡∏ô (M15) Kidart Molds Number 15Pcs./Set,‡∏õ‡∏ó‡∏∏‡∏°‡∏ò‡∏≤‡∏ô‡∏µ,5.0,2.0,9 ‡∏ä‡∏¥‡πâ‡∏ô,,100.0,49.0,51%,BestBuyStationery,,lazada,3756609910,100194777245
https://www.lazada.co.th/products/12-150-homemade-i2412611548.html,[‡πÅ‡∏õ‡πâ‡∏á‡πÇ‡∏î‡∏ß‡πå ‡πÑ‡∏£‡πâ‡∏™‡∏≤‡∏£‡∏û‡∏¥‡∏©] ‡πÅ‡∏õ‡πâ‡∏á‡πÇ‡∏î‡∏ß‡πå‡∏†‡∏π‡∏£‡∏¥ ‡∏ä‡∏∏‡∏î 12 ‡∏™‡∏µ ‡∏™‡∏µ‡∏•‡∏∞ 150 ‡∏Å‡∏£‡∏±‡∏° (‡πÅ‡∏õ‡πâ‡∏á‡πÇ‡∏î‡∏ß‡πå Homemade ‡∏õ‡∏•‡∏≠‡∏î‡∏†‡∏±‡∏¢ ‡πÑ‡∏£‡πâ‡∏™‡∏≤‡∏£‡∏û‡∏¥‡∏©),‡∏ô‡∏ô‡∏ó‡∏ö‡∏∏‡∏£‡∏µ,5.0,3.0,23 ‡∏ä‡∏¥‡πâ‡∏ô,,324.0,324.0,,PuriDough,,lazada,2412611548,100192434215
https://www.lazada.co.th/products/kids-learning-10-20-1-2-i1930978022.html,üèÖKids learningüèÖ‡∏û‡∏£‡πâ‡∏≠‡∏°‡∏™‡πà‡∏á‡∏à‡∏≤‡∏Å‡πÑ‡∏ó‡∏¢ ‡πÅ‡∏õ‡πâ‡∏á‡πÇ‡∏î‡∏ß‡πå 10‡∏™‡∏µ 20 ‡∏Å‡∏£‡∏∞‡∏õ‡∏∏‡∏Å 1 ‡∏ä‡∏∏‡∏î‡πÑ‡∏î‡πâ 2 ‡πÅ‡∏ñ‡∏ß,‡∏Å‡∏£‡∏∏‡∏á‡πÄ‡∏ó‡∏û‡∏°‡∏´‡∏≤‡∏ô‡∏Ñ‡∏£,4.916666666666667,12.0,136 ‡∏ä‡∏¥‡πâ‡∏ô,"‡πÄ‡∏ã‡∏ó‡πÄ‡∏Ñ‡∏£‡∏∑‡πà‡∏≠‡∏á‡∏ö‡∏¥‡∏ô+‡πÇ‡∏î‡∏ß‡πå4 ‡∏™‡∏µ, ‡πÄ‡∏ã‡∏ó‡∏£‡∏ñ‡πÑ‡∏ü+‡πÇ‡∏î‡∏ß‡πå 4 ‡∏™‡∏µ, ‡πÅ‡∏û‡∏Ñ‡∏Ñ‡∏π‡πà 20 ‡∏Å‡∏£‡∏∞‡∏õ‡∏∏‡∏Å",250.0,139.0,44%,Kids Learning,,lazada,1930978022,1000036472
https://www.lazada.co.th/products/11-nara-non-drying-dough-abc-i1151998136.html,[‡∏ã‡∏∑‡πâ‡∏≠1‡πÅ‡∏ñ‡∏°1] NARA Non-Drying Dough (‡πÅ‡∏õ‡πâ‡∏á‡πÇ‡∏î‡∏ß‡πå‡∏ä‡∏ô‡∏¥‡∏î‡πÑ‡∏°‡πà‡πÅ‡∏´‡πâ‡∏á) ‡∏ä‡∏∏‡∏î‡∏û‡∏£‡∏µ‡πÄ‡∏°‡∏µ‡πà‡∏¢‡∏° ABC,‡∏Å‡∏£‡∏∏‡∏á‡πÄ‡∏ó‡∏û‡∏°‡∏´‡∏≤‡∏ô‡∏Ñ‡∏£,4.818181818181818,8.0,53 ‡∏ä‡∏¥‡πâ‡∏ô,,665.0,665.0,,NARA Global,,lazada,1151998136,30426
https://www.lazada.co.th/products/300-g-5-homemade-i2569477467.html,‡πÅ‡∏õ‡πâ‡∏á‡πÇ‡∏î‡∏ß‡πå 300 g/‡∏Å‡∏£‡∏∞‡∏õ‡∏∏‡∏Å ‡∏ä‡∏∏‡∏î 5 ‡∏™‡∏µ homemade,‡∏Ç‡∏≠‡∏ô‡πÅ‡∏Å‡πà‡∏ô,5.0,1.0,,,209.0,209.0,,‡∏û‡∏≠‡πÉ‡∏à‡πÅ‡∏õ‡πâ‡∏á‡πÇ‡∏î‡∏ß‡πå‡πÇ‡∏Æ‡∏°‡πÄ‡∏°‡∏î,,lazada,2569477467,100191099597
https://www.lazada.co.th/products/diy-15-winnietoys-i1548794559.html,‡πÅ‡∏õ‡πâ‡∏á‡πÇ‡∏î‡∏ß‡πå ‡πÉ‡∏™ ‡∏™‡πÑ‡∏•‡∏°‡πå DIY ‡∏´‡∏•‡∏≤‡∏Å‡∏™‡∏µ ‡∏Ñ‡∏∏‡∏ì‡∏†‡∏≤‡∏û‡∏î‡∏µ ‡∏Å‡∏£‡∏∞‡∏õ‡∏∏‡∏Å‡∏•‡∏∞ 15 ‡∏ö‡∏≤‡∏ó ‡∏£‡πâ‡∏≤‡∏ô‡∏à‡∏±‡∏î‡πÉ‡∏´‡πâ‡πÅ‡∏ö‡∏ö‡∏™‡∏∏‡πà‡∏°‡πÄ‡∏•‡∏∑‡∏≠‡∏Å‡∏™‡∏µ‡πÑ‡∏°‡πà‡πÉ‡∏´‡πâ‡∏ã‡πâ‡∏≥ winnietoys,‡∏Å‡∏£‡∏∏‡∏á‡πÄ‡∏ó‡∏û‡∏°‡∏´‡∏≤‡∏ô‡∏Ñ‡∏£,4.684210526315789,4.0,337 ‡∏ä‡∏¥‡πâ‡∏ô,‡∏™‡∏µ‡∏ï‡∏≤‡∏°‡∏£‡∏π‡∏õ‡∏ó‡∏µ‡πà‡πÅ‡∏™‡∏î‡∏á,15.0,15.0,,WINNIE TOYS,,lazada,1548794559,100198278
https://www.lazada.co.th/products/12-10-i5109795305.html,‡πÅ‡∏õ‡πâ‡∏á‡πÇ‡∏î‡∏ß‡πå ‡∏û‡∏£‡∏µ‡πÄ‡∏°‡∏µ‡πà‡∏¢‡∏° ‡∏î‡∏¥‡∏ô‡πÄ‡∏ö‡∏≤ 12 ‡∏™‡∏µ 10‡∏Å‡∏£‡∏±‡∏° ‡∏û‡∏£‡πâ‡∏≠‡∏°‡∏≠‡∏∏‡∏õ‡∏£‡∏ì‡πå ‡∏î‡∏¥‡∏ô‡πÄ‡∏ö‡∏≤‡∏°‡∏¥‡∏ô‡∏¥ ‡∏î‡∏¥‡∏ô‡πÄ‡∏ö‡∏≤ ‡∏ô‡∏¥‡πà‡∏°‡∏õ‡∏±‡πà‡∏ô‡∏á‡πà‡∏≤‡∏¢ ‡∏°‡∏µ ‡∏°‡∏≠‡∏Å.,‡∏™‡∏Å‡∏•‡∏ô‡∏Ñ‡∏£,5.0,1.0,7 ‡∏ä‡∏¥‡πâ‡∏ô,‡∏û‡∏£‡∏µ‡πÄ‡∏°‡∏µ‡πà‡∏¢‡∏° 12‡∏™‡∏µ,39.0,24.0,38%,FJ-PS,,lazada,5109795305,1000177937
https://www.lazada.co.th/products/-i5261789381.html,‡∏ä‡∏∏‡∏î‡πÅ‡∏õ‡πâ‡∏á‡πÇ‡∏î‡∏ß‡πå + ‡∏≠‡∏∏‡∏õ‡∏Å‡∏£‡∏ì‡πå‡∏ó‡∏≥‡∏ß‡∏≤‡∏ü‡πÄ‡∏ü‡∏¥‡∏•,‡∏Å‡∏£‡∏∏‡∏á‡πÄ‡∏ó‡∏û‡∏°‡∏´‡∏≤‡∏ô‡∏Ñ‡∏£,,,,,99.0,99.0,,‡∏£‡πâ‡∏≤‡∏ô‡πÄ‡∏î‡πá‡∏Å‡∏ä‡∏≤‡∏¢‡∏ó‡πâ‡∏≠‡∏á‡∏ü‡πâ‡∏≤,,lazada,5261789381,100564240122
https://www.lazada.co.th/products/12-i5106156220.html,‡∏î‡∏¥‡∏ô‡πÄ‡∏ö‡∏≤ 12 ‡∏™‡∏µ ‡πÅ‡∏õ‡πâ‡∏á‡πÇ‡∏î‡∏ß‡πå ‡∏î‡∏¥‡∏ô‡∏ô‡πâ‡∏≥‡∏°‡∏±‡∏ô ‡∏ü‡∏£‡∏µ!!‡∏≠‡∏∏‡∏õ‡∏Å‡∏£‡∏ì‡πå‡∏õ‡∏±‡πâ‡∏ô ‡∏î‡∏¥‡∏ô‡πÄ‡∏ö‡∏≤‡πÄ‡∏Å‡∏≤‡∏´‡∏•‡∏µ ‡∏Ç‡∏≠‡∏á‡πÄ‡∏•‡πà‡∏ô‡πÄ‡∏î‡πá‡∏Å ‡πÅ‡∏Æ‡∏ô‡∏î‡πå‡πÄ‡∏°‡∏î,‡∏™‡∏°‡∏∏‡∏ó‡∏£‡∏™‡∏≤‡∏Ñ‡∏£,5.0,3.0,23 ‡∏ä‡∏¥‡πâ‡∏ô,,24.0,20.0,17%,Meilin Shop08,,lazada,5106156220,100196169009
https://www.lazada.co.th/products/crayola-3x5-i4608588807.html,Crayola ‡πÅ‡∏õ‡πâ‡∏á‡πÇ‡∏î ‡∏Å‡∏•‡∏¥‡πà‡∏ô‡∏ú‡∏•‡πÑ‡∏°‡πâ ‡∏Ç‡∏ô‡∏≤‡∏î 3x5‡∏≠‡∏≠‡∏ô‡∏ã‡πå,‡∏â‡∏∞‡πÄ‡∏ä‡∏¥‡∏á‡πÄ‡∏ó‡∏£‡∏≤,5.0,12.0,39 ‡∏ä‡∏¥‡πâ‡∏ô,,250.0,230.0,8%,Cyberdict Technology,mall,lazada,4608588807,218
https://www.lazada.co.th/products/nara-dough-120-3-3-i2293583186.html,NARA Dough ‡πÅ‡∏õ‡πâ‡∏á‡πÇ‡∏î‡∏ß‡πå‡πÑ‡∏£‡πâ‡∏™‡∏≤‡∏£‡∏Å‡∏•‡∏π‡πÄ‡∏ï‡∏ô ‡∏Ç‡∏ô‡∏≤‡∏î 120 ‡∏Å‡∏£‡∏±‡∏° 3 ‡∏Å‡∏£‡∏∞‡∏õ‡∏∏‡∏Å 3 ‡∏™‡∏µ,‡∏Å‡∏£‡∏∏‡∏á‡πÄ‡∏ó‡∏û‡∏°‡∏´‡∏≤‡∏ô‡∏Ñ‡∏£,4.9411764705882355,17.0,138 ‡∏ä‡∏¥‡πâ‡∏ô,,79.0,79.0,,NARA Global,,lazada,2293583186,30426
https://www.lazada.co.th/products/kid-art-120-g-dop120-i4905582925.html,KID ART ‡πÅ‡∏õ‡πâ‡∏á‡πÇ‡∏î‡∏ß‡πå 120 g.+ ‡∏ä‡∏∏‡∏î‡πÅ‡∏°‡πà‡∏û‡∏¥‡∏°‡∏û‡πå‡∏™‡∏±‡∏ï‡∏ß‡πå‡∏ó‡∏∞‡πÄ‡∏• DOP120-S5,‡∏Å‡∏£‡∏∏‡∏á‡πÄ‡∏ó‡∏û‡∏°‡∏´‡∏≤‡∏ô‡∏Ñ‡∏£,,,,,98.0,74.0,24%,Somjai Canvas,,lazada,4905582925,100228215046
https://www.lazada.co.th/products/9-i2480923885.html,‡πÅ‡∏õ‡πâ‡∏á‡πÇ‡∏î ‡πÅ‡∏õ‡πâ‡∏á‡πÇ‡∏î‡∏ß‡πå‡∏≠‡∏≤‡∏´‡∏≤‡∏£ ‡πÅ‡∏õ‡πâ‡∏á‡πÇ‡∏î‡∏ú‡∏•‡πÑ‡∏°‡πâ ‡πÅ‡∏õ‡πâ‡∏á‡πÇ‡∏î‡∏ß‡πå‡πÇ‡∏î‡∏ô‡∏±‡∏ó ‡πÅ‡∏õ‡πâ‡∏á‡πÇ‡∏î‡∏Ñ‡∏•‡∏∞‡πÅ‡∏ö‡∏ö ‡πÄ‡∏™‡∏£‡∏¥‡∏°‡∏ó‡∏±‡∏Å‡∏©‡∏∞ ‡∏°‡∏µ‡πÉ‡∏´‡πâ‡πÄ‡∏•‡∏∑‡∏≠‡∏Å 9 ‡πÅ‡∏ö‡∏ö,‡∏Å‡∏£‡∏∏‡∏á‡πÄ‡∏ó‡∏û‡∏°‡∏´‡∏≤‡∏ô‡∏Ñ‡∏£,5.0,7.0,74 ‡∏ä‡∏¥‡πâ‡∏ô,"fastfood, ice cream2, Pizza, sushi, breakfast, cup cake, birthday cake, ice cream, fruit shop, ‡πÅ‡∏õ‡πâ‡∏á‡πÇ‡∏î‡∏ß‡πå - Sushi 1 Y, ‡πÅ‡∏õ‡πâ‡∏á‡πÇ‡∏î‡∏ß‡πå - Sushi 2 Y, ‡πÅ‡∏õ‡πâ‡∏á‡πÇ‡∏î‡∏ß‡πå - Cake 1 Y, ‡πÅ‡∏õ‡πâ‡∏á‡πÇ‡∏î‡∏ß‡πå - Cake 2 Y, ‡πÅ‡∏õ‡πâ‡∏á‡πÇ‡∏î‡∏ß‡πå - ice Y, ‡πÅ‡∏õ‡πâ‡∏á‡πÇ‡∏î‡∏ß‡πå - Pudding, ‡πÅ‡∏õ‡πâ‡∏á‡πÇ‡∏î‡∏ß‡πå - Hamburger, ‡πÅ‡∏õ‡πâ‡∏á‡πÇ‡∏î‡∏ß‡πå - Sandwich, ‡πÅ‡∏õ‡πâ‡∏á‡πÇ‡∏î‡∏ß‡πå - Bakery, ‡πÅ‡∏õ‡πâ‡∏á‡πÇ‡∏î‡∏ß‡πåCake+‡∏≠‡∏∏‡∏õ‡∏Å‡∏£‡∏ì‡πå, Hamberger+‡∏≠‡∏∏‡∏õ‡∏Å‡∏£‡∏ì‡πå, ‡πÅ‡∏õ‡πâ‡∏á‡πÇ‡∏î‡∏ß‡πåMagic-Sushi, ‡πÅ‡∏õ‡πâ‡∏á‡πÇ‡∏î‡∏ß‡πåMagic-‡∏£‡∏ñ, ‡πÅ‡∏õ‡πâ‡∏á‡πÇ‡∏î‡∏ß‡πåMagic-‡∏ú‡∏•‡πÑ‡∏°‡πâ, ‡πÅ‡∏õ‡πâ‡∏á‡πÇ‡∏î‡∏ß‡πåMagic-‡∏™‡∏±‡∏ï‡∏ß‡πå, ‡πÅ‡∏õ‡πâ‡∏á‡πÇ‡∏î‡∏ß‡πå‡∏ä‡∏∏‡∏î‡∏Å‡∏î‡∏õ‡∏±‡πâ‡∏°",200.0,89.0,56%,Penguinfriday_officialstore,,lazada,2480923885,100180908008
https://www.lazada.co.th/products/10-colour-dough-party-pack-i2514310327.html,‡πÅ‡∏õ‡πâ‡∏á‡πÇ‡∏î‡∏ß‡πå 10 ‡∏™‡∏µ Colour Dough Party Pack üåà,‡∏Å‡∏£‡∏∏‡∏á‡πÄ‡∏ó‡∏û‡∏°‡∏´‡∏≤‡∏ô‡∏Ñ‡∏£,5.0,9.0,71 ‡∏ä‡∏¥‡πâ‡∏ô,‡πÅ‡∏õ‡πâ‡∏á‡πÇ‡∏î,89.0,69.0,22%,Siriwat Toys,,lazada,2514310327,100181097308
https://www.lazada.co.th/products/6610-i4946982608.html,‡πÅ‡∏õ‡πâ‡∏á‡πÇ‡∏î ‡πÄ‡∏™‡∏£‡∏¥‡∏°‡∏û‡∏±‡∏í‡∏ô‡∏≤‡∏Å‡∏≤‡∏£ 6610,‡∏Å‡∏£‡∏∏‡∏á‡πÄ‡∏ó‡∏û‡∏°‡∏´‡∏≤‡∏ô‡∏Ñ‡∏£,5.0,1.0,,,49.0,49.0,,‡πÄ‡∏≠‡πÄ‡∏à ‡∏ó‡∏≠‡∏¢‡∏™‡πå,,lazada,4946982608,100543456442
https://www.lazada.co.th/products/-i4980239582.html,‡πÅ‡∏õ‡πâ‡∏á‡πÇ‡∏î‡∏ß‡πå‡∏î‡∏¥‡∏ô‡∏ô‡πâ‡∏≥‡∏°‡∏±‡∏ô ‡∏î‡∏¥‡∏ô‡πÄ‡∏ö‡∏≤ ‡∏ä‡∏∏‡∏î‡∏™‡∏±‡∏ï‡∏ß‡πå ‡∏Ç‡∏≠‡∏á‡πÄ‡∏•‡πà‡∏ô‡πÄ‡∏î‡πá‡∏Å ‡∏ó‡∏≥‡∏≠‡∏≤‡∏´‡∏≤‡∏£ ‡∏Ç‡∏ô‡∏° ‡∏õ‡∏±‡πâ‡∏ô‡∏ï‡∏∏‡πä‡∏Å‡∏ï‡∏≤‡∏ô‡πà‡∏≤‡∏£‡∏±‡∏Å ‡πÅ‡∏°‡πà‡∏û‡∏¥‡∏°‡∏û‡πå‡∏î‡∏¥‡∏ô‡∏ô‡πâ‡∏≥‡∏°‡∏±‡∏ô‡∏™‡∏≥‡∏´‡∏£‡∏±‡∏ö‡πÄ‡∏î‡πá‡∏Å,‡∏™‡∏°‡∏∏‡∏ó‡∏£‡∏™‡∏≤‡∏Ñ‡∏£,,,,"‡∏ä‡∏∏‡∏î‡∏Å‡∏£‡∏∞‡∏£‡∏≠‡∏Å, ‡∏ä‡∏∏‡∏î‡πÑ‡∏î‡πÇ‡∏ô‡πÄ‡∏™‡∏≤‡∏£‡πå",299.0,129.0,57%,Y&Y Kid toy shop,,lazada,4980239582,100190556023
https://www.lazada.co.th/products/8818b-i4947043426.html,‡πÅ‡∏õ‡πâ‡∏á‡πÇ‡∏î‡∏ö‡∏≤‡∏£‡πå‡∏ö‡∏µ‡∏Ñ‡∏¥‡∏ß ‡πÄ‡∏™‡∏£‡∏¥‡∏°‡∏û‡∏±‡∏í‡∏ô‡∏≤‡∏Å‡∏≤‡∏£ 8818B,‡∏Å‡∏£‡∏∏‡∏á‡πÄ‡∏ó‡∏û‡∏°‡∏´‡∏≤‡∏ô‡∏Ñ‡∏£,5.0,3.0,,,169.0,169.0,,‡πÄ‡∏≠‡πÄ‡∏à ‡∏ó‡∏≠‡∏¢‡∏™‡πå,,lazada,4947043426,100543456442
https://www.lazada.co.th/products/sourdough-i5056238595.html,‡∏ï‡∏∞‡∏Å‡∏£‡πâ‡∏≤‡∏´‡∏ß‡∏≤‡∏¢‡∏´‡∏°‡∏±‡∏Å‡∏Ç‡∏ô‡∏°‡∏õ‡∏±‡∏á sourdough ‡∏ï‡∏∞‡∏Å‡∏£‡πâ‡∏≤‡πÅ‡∏õ‡πâ‡∏á‡πÇ‡∏î‡∏ß‡πå ‡∏Ç‡∏ô‡∏°‡∏õ‡∏±‡∏á‡∏ù‡∏£‡∏±‡πà‡∏á‡πÄ‡∏®‡∏© ‡∏û‡∏£‡πâ‡∏≠‡∏°‡∏ú‡πâ‡∏≤‡∏ã‡∏±‡∏ö‡πÉ‡∏ô ‡∏Ñ‡∏∏‡∏ì‡∏†‡∏≤‡∏û‡∏î‡∏µ ‚Ä¢‡∏û‡∏£‡πâ‡∏≠‡∏°‡∏™‡πà‡∏á‚Ä¢,‡∏™‡∏∏‡∏û‡∏£‡∏£‡∏ì‡∏ö‡∏∏‡∏£‡∏µ,4.2727272727272725,11.0,50 ‡∏ä‡∏¥‡πâ‡∏ô,"‡∏ó‡∏£‡∏á‡∏Å‡∏•‡∏°16*6‡∏ã‡∏°., ‡∏ó‡∏£‡∏á‡∏Å‡∏•‡∏°18*8‡∏ã‡∏°., ‡∏ó‡∏£‡∏á‡∏Å‡∏•‡∏°20*8‡∏ã‡∏°., ‡∏ó‡∏£‡∏á‡∏Å‡∏•‡∏°23*8‡∏ã‡∏°., ‡∏ó‡∏£‡∏á‡∏Å‡∏•‡∏°25*8.5‡∏ã‡∏°., ‡∏ó‡∏£‡∏á‡∏£‡∏µ17*12*6‡∏ã‡∏°., ‡∏ó‡∏£‡∏á‡∏£‡∏µ21*15*7‡∏ã‡∏°., ‡∏ó‡∏£‡∏á‡∏£‡∏µ25*15*8‡∏ã‡∏°., ‡∏ó‡∏£‡∏á‡∏£‡∏µ28*14*8‡∏ã‡∏°., ‡∏ó‡∏£‡∏á‡∏£‡∏µ30*14*7‡∏ã‡∏°., ‡∏°‡∏µ‡∏î‡πÄ‡∏à‡∏≤‡∏∞‡∏Ç‡∏ô‡∏°‡∏õ‡∏±‡∏á",279.0,279.0,,Happy lemonn,,lazada,5056238595,100210914791
https://www.lazada.co.th/products/halo-sweet-cafe-play-dough-i5226940932.html,Halo - Sweet Cafe Play Dough ‡πÅ‡∏õ‡πâ‡∏á‡πÇ‡∏î‡∏ß‡πå‡∏™‡∏≥‡∏´‡∏£‡∏±‡∏ö‡πÄ‡∏î‡πá‡∏Å,‡∏Å‡∏£‡∏∏‡∏á‡πÄ‡∏ó‡∏û‡∏°‡∏´‡∏≤‡∏ô‡∏Ñ‡∏£,,,,,795.0,795.0,,TOYBIES,,lazada,5226940932,100178874881
https://www.lazada.co.th/products/crayola-i4608608682.html,Crayola ‡∏ä‡∏∏‡∏î‡πÅ‡∏õ‡πâ‡∏á‡πÇ‡∏î‡∏Å‡∏•‡∏¥‡πà‡∏ô‡∏ú‡∏•‡πÑ‡∏°‡πâ‡∏û‡∏£‡πâ‡∏≠‡∏°‡∏≠‡∏∏‡∏õ‡∏Å‡∏£‡∏ì‡πå‡πÉ‡∏ô‡∏Å‡∏•‡πà‡∏≠‡∏á‡πÅ‡∏ö‡∏ö‡∏û‡∏Å‡∏û‡∏≤‡πÑ‡∏î‡πâ,‡∏â‡∏∞‡πÄ‡∏ä‡∏¥‡∏á‡πÄ‡∏ó‡∏£‡∏≤,4.0,2.0,7 ‡∏ä‡∏¥‡πâ‡∏ô,,800.0,760.0,5%,Cyberdict Technology,mall,lazada,4608608682,218
https://www.lazada.co.th/products/12-12-12-no2870mkk-i2582919009.html,‡∏î‡∏¥‡∏ô‡πÄ‡∏ö‡∏≤ ‡πÅ‡∏û‡πä‡∏Ñ 12 ‡∏™‡∏µ ‡∏î‡∏¥‡∏ô‡πÄ‡∏ö‡∏≤‡πÄ‡∏Å‡∏≤‡∏´‡∏•‡∏µ ‡πÑ‡∏£‡πâ‡∏™‡∏≤‡πÄ‡∏Ñ‡∏°‡∏µ ‡∏û‡∏£‡πâ‡∏≠‡∏°‡∏≠‡∏∏‡∏õ‡∏Å‡∏£‡∏ì‡πå‡∏™‡∏≥‡∏´‡∏£‡∏±‡∏ö‡∏õ‡∏±‡πâ‡∏ô {‡∏Ç‡∏≤‡∏¢‡∏¢‡∏Å‡πÅ‡∏û‡πá‡∏Ñ 12 ‡∏ä‡∏¥‡πâ‡∏ô}‡∏ä‡∏∏‡∏î‡πÅ‡∏õ‡πâ‡∏á‡πÇ‡∏î‡∏ß‡πå 12 ‡∏ä‡∏¥‡πâ‡∏ô No.2870mkk,‡∏õ‡∏ó‡∏∏‡∏°‡∏ò‡∏≤‡∏ô‡∏µ,4.891304347826087,46.0,982 ‡∏ä‡∏¥‡πâ‡∏ô,,19.0,19.0,,HENGBAO SHOP,,lazada,2582919009,1000302178
https://www.lazada.co.th/products/-i2417750269.html,‡∏ä‡∏∏‡∏î‡∏Å‡∏¥‡∏à‡∏Å‡∏£‡∏£‡∏° ‡∏ó‡∏≥‡πÅ‡∏õ‡πâ‡∏á‡πÇ‡∏î‡∏ß‡πå ‡∏ú‡∏™‡∏°‡∏ô‡πâ‡∏≥‡∏°‡∏±‡∏ô‡∏°‡∏∞‡∏û‡∏£‡πâ‡∏≤‡∏ß ‡∏≠‡∏≠‡πÅ‡∏Å‡∏ô‡∏¥‡∏Ñ ‡∏ö‡πâ‡∏≤‡∏ô‡∏£‡∏¢‡∏≤ ‡∏≠‡∏≤‡∏´‡∏≤‡∏£‡πÄ‡∏î‡πá‡∏Å ‡∏≠‡∏≤‡∏´‡∏≤‡∏£‡∏™‡∏≥‡∏´‡∏£‡∏±‡∏ö‡πÄ‡∏î‡πá‡∏Å,‡∏õ‡∏ó‡∏∏‡∏°‡∏ò‡∏≤‡∏ô‡∏µ,,,,,160.0,160.0,,baanrayashop,,lazada,2417750269,1000013304
https://www.lazada.co.th/products/-i4279868041.html,‡πÅ‡∏°‡πà‡∏û‡∏¥‡∏°‡∏û‡πå‡∏û‡∏•‡∏≤‡∏™‡∏ï‡∏¥‡∏Å ‡∏™‡∏≥‡∏´‡∏£‡∏±‡∏ö‡∏î‡∏¥‡∏ô‡∏ô‡πâ‡∏≥‡∏°‡∏±‡∏ô ‡∏î‡∏¥‡∏ô‡πÄ‡∏ö‡∏≤ ‡πÅ‡∏õ‡πâ‡∏á‡πÇ‡∏î‡∏ß‡πå ‡πÇ‡∏ü‡∏°‡∏õ‡∏±‡πâ‡∏ô ‡∏î‡∏¥‡∏ô‡∏õ‡∏±‡πâ‡∏ô‡∏ó‡∏∏‡∏Å‡∏ä‡∏ô‡∏¥‡∏î,‡∏≠‡∏∏‡∏ï‡∏£‡∏î‡∏¥‡∏ï‡∏ñ‡πå,,,14 ‡∏ä‡∏¥‡πâ‡∏ô,"‡πÑ‡∏°‡πâ‡∏ô‡∏ß‡∏î‡πÅ‡∏õ‡πâ‡∏á, ‡πÇ‡∏£‡∏•‡πÄ‡∏•‡∏≠‡∏£‡πå‡πÅ‡∏ö‡∏ö‡∏•‡πâ‡∏≠, ‡∏ó‡∏∞‡πÄ‡∏• 4 ‡∏ä‡∏¥‡πâ‡∏ô, ‡∏ä‡∏∏‡∏î 6 ‡∏ä‡∏¥‡πâ‡∏ô, ‡πÄ‡∏Ñ‡∏£‡∏∑‡πà‡∏≠‡∏á‡∏°‡∏∑‡∏≠‡πÅ‡∏Å‡∏∞‡∏™‡∏•‡∏±‡∏Å, ‡πÅ‡∏°‡πà‡∏û‡∏¥‡∏°‡∏û‡πå‡∏™‡∏±‡∏ï‡∏ß‡πå 6 ‡∏ä‡∏¥‡πâ‡∏ô, ‡πÅ‡∏ö‡∏ö‡∏â‡∏µ‡∏î, ‡πÇ‡∏£‡∏•‡πÄ‡∏•‡∏≠‡∏£‡πå 9in1",20.0,20.0,,sriponggroup,,lazada,4279868041,100188957039
https://www.lazada.co.th/products/-i4810858837.html,‡∏ï‡∏∞‡∏Å‡∏£‡πâ‡∏≤‡∏´‡∏ß‡∏≤‡∏¢‡∏´‡∏°‡∏±‡∏Å‡∏Ç‡∏ô‡∏°‡∏õ‡∏±‡∏á ‡∏™‡πç‡∏≤‡∏´‡∏£‡∏±‡∏ö‡πÉ‡∏™‡πà‡πÅ‡∏õ‡πâ‡∏á‡πÇ‡∏î‡∏ß‡πå ‡∏Ç‡∏ô‡∏°‡∏õ‡∏±‡∏á ‡∏û‡∏£‡πâ‡∏≠‡∏°‡∏ú‡πâ‡∏≤‡∏Ñ‡∏•‡∏∏‡∏° ‡∏ï‡∏∞‡∏Å‡∏£‡πâ‡∏≤‡∏Ç‡∏ô‡∏°‡∏õ‡∏±‡∏á‡∏ù‡∏£‡∏±‡πà‡∏á‡πÄ‡∏®‡∏™ ‡∏ï‡∏∞‡∏Å‡∏£‡πâ‡∏≤‡∏™‡∏≤‡∏ô,‡∏Å‡∏£‡∏∏‡∏á‡πÄ‡∏ó‡∏û‡∏°‡∏´‡∏≤‡∏ô‡∏Ñ‡∏£,4.956521739130435,23.0,137 ‡∏ä‡∏¥‡πâ‡∏ô,"‡∏ó‡∏£‡∏á‡∏Å‡∏•‡∏°16x6cm.(S), ‡∏ó‡∏£‡∏á‡∏Å‡∏•‡∏°18x9cm.(M), ‡∏£‡∏π‡∏õ‡πÑ‡∏Ç‡πà17x12x8 cm.(S), ‡∏£‡∏π‡∏õ‡πÑ‡∏Ç‡πà21x15x8 cm.(M), ‡∏ó‡∏£‡∏á‡∏Å‡∏•‡∏°20x8cm.(L), ‡∏£‡∏π‡∏õ‡πÑ‡∏Ç‡πà25x15x8 cm.(L), ‡∏ó‡∏£‡∏á‡∏Å‡∏•‡∏°22x8.5cm.(XL), ‡∏£‡∏π‡∏õ‡πÑ‡∏Ç‡πà28x14x8 cm(XL), ‡∏ó‡∏£‡∏á‡∏Å‡∏•‡∏°25x8cm.(2XL), ‡∏£‡∏π‡∏õ‡πÑ‡∏Ç‡πà30x14x7cm(2XL), ‡∏£‡∏π‡∏õ‡πÑ‡∏Ç‡πà35x14x7cm(3XL)",179.0,179.0,,‡∏≠‡∏¥‡∏ô ‡πÄ‡∏ã‡∏ô‡∏™‡πå ‡πÄ‡∏ö‡πÄ‡∏Å‡∏≠‡∏£‡∏µ‡πà,,lazada,4810858837,100225035755
https://www.lazada.co.th/products/6-3-i307300272.html,‡∏î‡∏¥‡∏ô‡πÄ‡∏ö‡∏≤ ‡∏î‡∏¥‡∏ô‡∏õ‡∏±‡πâ‡∏ô ‡∏ó‡∏î‡πÅ‡∏ó‡∏ô‡∏î‡∏¥‡∏ô‡∏ô‡πâ‡∏≥‡∏°‡∏±‡∏ô ‡πÅ‡∏•‡∏∞‡πÅ‡∏õ‡πâ‡∏á‡πÇ‡∏î‡∏ß‡πå ‡∏Ñ‡∏•‡∏∞‡∏™‡∏µ 6 ‡∏™‡∏µ ‡πÑ‡∏£‡πâ‡∏Å‡∏•‡∏¥‡πà‡∏ô‡πÑ‡∏£‡πâ‡∏™‡∏≤‡∏£‡∏û‡∏¥‡∏© ‡∏™‡∏µ‡πÑ‡∏°‡πà‡∏ï‡∏¥‡∏î‡∏°‡∏∑‡∏≠ ‡πÄ‡∏´‡∏°‡∏≤‡∏∞‡∏™‡∏≥‡∏´‡∏£‡∏±‡∏ö‡πÄ‡∏î‡πá‡∏Å‡∏≠‡∏≤‡∏¢‡∏∏3‡∏õ‡∏µ‡∏Ç‡∏∂‡πâ‡∏ô‡πÑ‡∏õ,‡∏Å‡∏£‡∏∏‡∏á‡πÄ‡∏ó‡∏û‡∏°‡∏´‡∏≤‡∏ô‡∏Ñ‡∏£,4.636363636363637,11.0,80 ‡∏ä‡∏¥‡πâ‡∏ô,...,200.0,98.0,51%,Sita brand,,lazada,307300272,100105377
https://www.lazada.co.th/products/play-doh-kitchen-creations-pizza-oven-playset-play-food-toy-6-cans-of-modeling-compound-8-accessories-non-toxic-i3990095685.html,"Play-Doh Kitchen Creations Pizza Oven Playset, Play Food Toy 6 Cans of Modeling Compound, 8 Accessories, Non-Toxic   ‡∏Ç‡∏≠‡∏á‡πÄ‡∏•‡πà‡∏ô  ‡πÅ‡∏õ‡πâ‡∏á‡πÇ‡∏î‡∏ß‡πå ‡πÄ‡∏û‡∏•‡∏¢‡πå‡πÇ‡∏î‡∏ß‡πå ‡∏î‡∏¥‡∏ô‡∏ô‡πâ‡∏≥‡∏°‡∏±‡∏ô ‡∏õ‡∏±‡πâ‡∏ô ‡∏Ç‡∏≠‡∏á‡πÅ‡∏ó‡πâ",‡∏ô‡∏ô‡∏ó‡∏ö‡∏∏‡∏£‡∏µ,5.0,10.0,73 ‡∏ä‡∏¥‡πâ‡∏ô,‡∏´‡∏•‡∏≤‡∏Å‡∏™‡∏µ,1095.0,895.0,18%,imageoutlet,,lazada,3990095685,100183780
https://www.lazada.co.th/products/10-i5016994060.html,‡πÅ‡∏õ‡πâ‡∏á‡πÇ‡∏î‡∏ß‡πå‡πÄ‡∏™‡∏£‡∏¥‡∏°‡∏û‡∏±‡∏í‡∏ô‡∏≤‡∏Å‡∏≤‡∏£ ‡∏ä‡∏∏‡∏î‡πÅ‡∏õ‡πâ‡∏á‡πÇ‡∏î‡∏ß‡πå‡πÄ‡∏™‡∏£‡∏¥‡∏°‡∏Å‡∏≤‡∏£‡πÄ‡∏£‡∏µ‡∏¢‡∏ô‡∏£‡∏π‡πâ‡πÑ‡∏Æ‡∏Ñ‡∏¥‡∏ß (‡πÅ‡∏õ‡πâ‡∏á‡πÇ‡∏î‡∏ß‡πå 10‡∏™‡∏µ),‡∏Å‡∏£‡∏∏‡∏á‡πÄ‡∏ó‡∏û‡∏°‡∏´‡∏≤‡∏ô‡∏Ñ‡∏£,5.0,0.0,,,690.0,199.0,71%,babydreamdear,,lazada,5016994060,100189575050
https://www.lazada.co.th/products/joan-miro-super-soft-color-dough-set-12-colors-2-3-i2180426824.html,Joan Miro ‡πÄ‡∏ã‡πá‡∏ï‡πÅ‡∏õ‡πâ‡∏á‡πÇ‡∏î‡∏ß‡πå Super Soft Color Dough Set 12 Colors  ‡∏Ç‡∏≠‡∏á‡πÄ‡∏•‡πà‡∏ô‡πÄ‡∏™‡∏£‡∏¥‡∏°‡∏û‡∏±‡∏í‡∏ô‡∏≤‡∏Å‡∏≤‡∏£‡πÄ‡∏î‡πá‡∏Å 2-3 ‡∏Ç‡∏ß‡∏ö,‡∏Å‡∏£‡∏∏‡∏á‡πÄ‡∏ó‡∏û‡∏°‡∏´‡∏≤‡∏ô‡∏Ñ‡∏£,,,7 ‡∏ä‡∏¥‡πâ‡∏ô,Dough Set 12 Colors,990.0,990.0,,Joan Miro,mall,lazada,2180426824,1000184258
https://www.lazada.co.th/products/play-doh-original-peppa-pig-stylin-set-i2573703094.html,PLAY DOH (ORIGINAL) PEPPA PIG STYLIN SET  ‡πÄ‡∏û‡∏•‡∏¢‡πå‡πÇ‡∏î‡∏ß‡πå ‡πÄ‡∏õ‡∏õ‡∏õ‡πâ‡∏≤ ‡∏û‡∏¥‡∏Å ‡∏Ç‡∏≠‡∏á‡πÄ‡∏•‡πà‡∏ô ‡πÄ‡∏õ‡∏õ‡∏õ‡πâ‡∏≤ ‡∏û‡∏¥‡∏Å ‡πÅ‡∏õ‡πâ‡∏á‡πÇ‡∏î‡∏ß‡πå ‡πÄ‡∏û‡∏•‡∏¢‡πå‡πÇ‡∏î‡∏ß‡πå ‡∏î‡∏¥‡∏ô‡∏ô‡πâ‡∏≥‡∏°‡∏±‡∏ô ‡∏õ‡∏±‡πâ‡∏ô ‡∏Ç‡∏≠‡∏á‡πÅ‡∏ó‡πâ,‡∏ô‡∏ô‡∏ó‡∏ö‡∏∏‡∏£‡∏µ,4.666666666666667,2.0,35 ‡∏ä‡∏¥‡πâ‡∏ô,‡∏´‡∏•‡∏≤‡∏Å‡∏™‡∏µ,1395.0,990.0,29%,imageoutlet,,lazada,2573703094,100183780
https://www.lazada.co.th/products/304-i4193910880.html,‡∏ó‡∏µ‡πà‡∏ï‡∏±‡∏î‡πÅ‡∏õ‡πâ‡∏á ‡∏•‡∏π‡∏Å‡∏Å‡∏•‡∏¥‡πâ‡∏á‡∏™‡πÅ‡∏ï‡∏ô‡πÄ‡∏•‡∏™ 304 ‡∏ó‡∏µ‡πà‡∏ï‡∏±‡∏î‡πÅ‡∏õ‡πâ‡∏á‡∏û‡∏¥‡∏ã‡∏ã‡πà‡∏≤ ‡∏ó‡∏µ‡πà‡∏ï‡∏±‡∏î‡∏û‡∏¥‡∏ã‡∏ã‡πà‡∏≤ ‡∏ó‡∏µ‡πà‡∏ï‡∏±‡∏î‡πÅ‡∏õ‡πâ‡∏á‡∏Ç‡∏ô‡∏° ‡∏°‡∏µ‡∏î‡∏ï‡∏±‡∏î‡∏û‡∏¥‡∏ã‡∏ã‡πà‡∏≤ ‡∏ó‡∏µ‡πà‡∏ï‡∏±‡∏î‡πÅ‡∏õ‡πâ‡∏á‡πÇ‡∏î‡∏ß‡πå ‡∏•‡∏π‡∏Å‡∏Å‡∏•‡∏¥‡πâ‡∏á‡∏ï‡∏±‡∏î‡∏û‡∏¥‡∏ã‡∏ã‡πà‡∏≤,‡∏™‡∏°‡∏∏‡∏ó‡∏£‡∏õ‡∏£‡∏≤‡∏Å‡∏≤‡∏£,4.937984496124031,129.0,488 ‡∏ä‡∏¥‡πâ‡∏ô,"‡∏î‡πâ‡∏≤‡∏°‡∏û‡∏•‡∏≤‡∏™‡∏ï‡∏¥‡∏Å, ‡∏î‡πâ‡∏≤‡∏°‡πÑ‡∏°‡πâ",18.0,18.0,,I am Soft Serve,,lazada,4193910880,100182525985
https://www.lazada.co.th/products/10-i2446351294.html,(üî•‡πÄ‡∏Å‡πá‡∏ö‡πÇ‡∏Ñ‡πâ‡∏î‡∏•‡∏î10%)‡πÅ‡∏õ‡πâ‡∏á‡πÇ‡∏î‡∏ß‡πå‡∏û‡∏£‡πâ‡∏≠‡∏°‡πÅ‡∏°‡πà‡∏û‡∏¥‡∏°‡∏û‡πå,‡∏û‡∏¥‡∏©‡∏ì‡∏∏‡πÇ‡∏•‡∏Å,4.947368421052632,19.0,88 ‡∏ä‡∏¥‡πâ‡∏ô,,115.0,115.0,,CATCHASHOP,,lazada,2446351294,100082596
https://www.lazada.co.th/products/pd350bk-5-7-i2114946438.html,PD350BK ‡πÅ‡∏õ‡πâ‡∏á‡πÇ‡∏î‡∏ß‡πå 5 ‡∏™‡∏µ ‡∏û‡∏£‡πâ‡∏≠‡∏°‡∏Å‡∏£‡∏∞‡∏ö‡∏≠‡∏Å‡∏â‡∏µ‡∏î ‡πÅ‡∏•‡∏∞‡∏ö‡∏•‡πä‡∏≠‡∏Å‡∏û‡∏¥‡∏°‡∏û‡πå‡∏£‡∏π‡∏õ‡∏™‡∏±‡∏ï‡∏ß‡πå 7 ‡∏ä‡∏¥‡πâ‡∏ô,‡∏Å‡∏£‡∏∏‡∏á‡πÄ‡∏ó‡∏û‡∏°‡∏´‡∏≤‡∏ô‡∏Ñ‡∏£,5.0,1.0,10 ‡∏ä‡∏¥‡πâ‡∏ô,‡∏Ñ‡∏•‡∏∞‡∏™‡∏µ,105.0,89.0,15%,LetsGoGiftShop,,lazada,2114946438,100185336379
https://www.lazada.co.th/products/botanic-6-i4410626616.html,‡πÄ‡∏ã‡∏ï‡πÅ‡∏õ‡πâ‡∏á‡πÇ‡∏î Botanic ‡πÇ‡∏ó‡∏ô‡∏™‡∏µ‡∏û‡∏≤‡∏™‡πÄ‡∏ó‡∏• 6 ‡∏™‡∏µ ‡∏û‡∏£‡πâ‡∏≠‡∏°‡∏Å‡∏£‡∏∞‡πÄ‡∏õ‡πã‡∏≤,‡∏õ‡∏ó‡∏∏‡∏°‡∏ò‡∏≤‡∏ô‡∏µ,5.0,14.0,65 ‡∏ä‡∏¥‡πâ‡∏ô,,474.0,474.0,,Halorainbow,,lazada,4410626616,100300998035
https://www.lazada.co.th/products/maxie-3-rolling-pin-i1891276816.html,üî•‡∏™‡πà‡∏á‡∏ü‡∏£‡∏µüî• ‡πÑ‡∏°‡πâ‡∏ô‡∏ß‡∏î‡πÅ‡∏õ‡πâ‡∏á MAXIE ‡∏ú‡∏•‡∏¥‡∏ï‡∏à‡∏≤‡∏Å‡πÑ‡∏°‡πâ‡πÄ‡∏ô‡∏∑‡πâ‡∏≠‡πÅ‡∏Ç‡πá‡∏á‡∏Ñ‡∏∏‡∏ì‡∏†‡∏≤‡∏û‡∏î‡∏µ[‡∏°‡∏µ‡πÉ‡∏´‡πâ‡πÄ‡∏•‡∏∑‡∏≠‡∏Å‡∏ã‡∏∑‡πâ‡∏≠ 3‡∏Ç‡∏ô‡∏≤‡∏î] ‡πÑ‡∏°‡πâ‡∏Ñ‡∏•‡∏∂‡∏á‡πÅ‡∏õ‡πâ‡∏á ‡πÑ‡∏°‡πâ‡∏ô‡∏ß‡∏î‡∏Ñ‡∏•‡∏∂‡∏á‡πÅ‡∏õ‡πâ‡∏á ‡πÑ‡∏°‡πâ‡∏Å‡∏•‡∏¥‡πâ‡∏á‡πÅ‡∏õ‡πâ‡∏á ‡∏ó‡∏µ‡πà‡∏Å‡∏•‡∏¥‡πâ‡∏á‡∏ô‡∏ß‡∏î‡πÅ‡∏õ‡πâ‡∏á ‡πÑ‡∏°‡πâ‡∏ô‡∏ß‡∏î‡πÅ‡∏õ‡πâ‡∏á‡πÉ‡∏´‡∏ç‡πà ‡πÑ‡∏°‡πâ‡∏ô‡∏ß‡∏î‡πÅ‡∏õ‡πâ‡∏á‡πÄ‡∏•‡πá‡∏Å ‡πÑ‡∏°‡πâ‡∏£‡∏µ‡∏î‡πÅ‡∏õ‡πâ‡∏á ‡πÑ‡∏°‡πâ‡∏ô‡∏ß‡∏î‡πÅ‡∏õ‡πâ‡∏á‡πÇ‡∏î‡∏ß‡πå Rolling Pin ‡∏ó‡∏µ‡πà‡∏ô‡∏ß‡∏î‡πÅ‡∏õ‡πâ‡∏á,‡∏£‡∏≤‡∏ä‡∏ö‡∏∏‡∏£‡∏µ,4.916411042944786,1304.0,5.7K ‡∏ä‡∏¥‡πâ‡∏ô,"‡∏Ç‡∏ô‡∏≤‡∏î‡πÉ‡∏´‡∏ç‡πà, ‡πÑ‡∏ã‡∏™‡πå‡πÄ‡∏•‡πá‡∏Å ‡∏°‡∏¥‡∏ô‡∏¥, ‡∏Ç‡∏ô‡∏≤‡∏î‡∏Å‡∏•‡∏≤‡∏á, ‡∏Ç‡∏ô‡∏≤‡∏î‡πÄ‡∏•‡πá‡∏Å",170.0,89.0,48%,Wanna's Shop,,lazada,1891276816,1000391684
https://www.lazada.co.th/products/sourdough-5-i5175734021.html,‡∏°‡∏µ‡∏î‡∏Å‡∏£‡∏µ‡∏î‡∏•‡∏≤‡∏¢‡∏Ç‡∏ô‡∏°‡∏õ‡∏±‡∏á ‡∏°‡∏µ‡∏î‡∏Å‡∏£‡∏µ‡∏î‡∏Ç‡∏ô‡∏°‡∏õ‡∏±‡∏á‡∏ù‡∏£‡∏±‡πà‡∏á‡πÄ‡∏®‡∏© ‡∏Å‡∏£‡∏µ‡∏î‡πÅ‡∏õ‡πâ‡∏á‡πÇ‡∏î‡∏ß‡πå Sourdough ‡∏ü‡∏£‡∏µ‡πÉ‡∏ö‡∏°‡∏µ‡∏î5‡∏ä‡∏¥‡πâ‡∏ô+‡∏Å‡∏£‡∏∞‡πÄ‡∏õ‡πã‡∏≤‡πÄ‡∏Å‡πá‡∏ö ‚Ä¢‡∏û‡∏£‡πâ‡∏≠‡∏°‡∏™‡πà‡∏á‡∏à‡∏≤‡∏Å‡πÑ‡∏ó‡∏¢‚Ä¢,‡∏™‡∏∏‡∏û‡∏£‡∏£‡∏ì‡∏ö‡∏∏‡∏£‡∏µ,5.0,2.0,5 ‡∏ä‡∏¥‡πâ‡∏ô,"‡πÄ‡∏ã‡∏ïA, ‡πÄ‡∏ã‡∏ïB, ‡πÄ‡∏ã‡∏ïC",149.0,129.0,13%,Happy.lemonn,,lazada,5175734021,100183827564
https://www.lazada.co.th/products/cosmic-neon-dragon-star-dust-i4410655118.html,‡πÅ‡∏õ‡πâ‡∏á‡πÇ‡∏î Cosmic Neon ‡∏™‡∏µ Dragon ‡∏ä‡∏°‡∏û‡∏π ‡∏õ‡∏£‡∏∞‡∏î‡∏±‡∏ö‡∏ú‡∏á Star Dust,‡∏õ‡∏ó‡∏∏‡∏°‡∏ò‡∏≤‡∏ô‡∏µ,5.0,3.0,8 ‡∏ä‡∏¥‡πâ‡∏ô,,85.0,85.0,,Halorainbow,,lazada,4410655118,100300998035
https://www.lazada.co.th/products/botanic-spinach-i4410475832.html,‡πÅ‡∏õ‡πâ‡∏á‡πÇ‡∏îBotanic  ‡∏™‡∏µ Spinach ‡πÄ‡∏Ç‡∏µ‡∏¢‡∏ß‡πÄ‡∏Ç‡πâ‡∏°,‡∏õ‡∏ó‡∏∏‡∏°‡∏ò‡∏≤‡∏ô‡∏µ,5.0,5.0,16 ‡∏ä‡∏¥‡πâ‡∏ô,,79.0,79.0,,Halorainbow,,lazada,4410475832,100300998035
https://www.lazada.co.th/products/top-8-free-i4196078019.html,‡∏ó‡∏£‡∏≤‡∏¢‡πÇ‡∏î‡∏ß‡πå ‡πÄ‡∏•‡πà‡∏ô‡πÑ‡∏î‡πâ‡πÄ‡∏´‡∏°‡∏∑‡∏≠‡∏ô‡∏ó‡∏£‡∏≤‡∏¢‡∏ß‡∏¥‡∏ó‡∏¢‡∏≤‡∏®‡∏ï‡∏£‡πå ‡∏õ‡∏±‡πâ‡∏ô‡πÑ‡∏î‡πâ ‡πÄ‡∏´‡∏°‡∏∑‡∏≠‡∏ô‡πÅ‡∏õ‡πâ‡∏á‡πÇ‡∏î‡∏ß‡πå ‡πÑ‡∏£‡πâ‡∏™‡∏≤‡∏£‡∏û‡∏¥‡∏© ‡πÑ‡∏°‡πà‡∏°‡∏µ‡πÅ‡∏õ‡πâ‡∏á‡∏™‡∏≤‡∏•‡∏µ ‡πÄ‡∏Å‡∏£‡∏îTOP 8 FREE ‡∏õ‡∏•‡∏≠‡∏î‡∏†‡∏±‡∏¢‡∏ï‡πà‡∏≠‡πÄ‡∏î‡πá‡∏Å,‡∏Å‡∏£‡∏∏‡∏á‡πÄ‡∏ó‡∏û‡∏°‡∏´‡∏≤‡∏ô‡∏Ñ‡∏£,5.0,8.0,26 ‡∏ä‡∏¥‡πâ‡∏ô,"‡∏ü‡πâ‡∏≤, ‡∏ä‡∏°‡∏û‡∏π, ‡πÄ‡∏´‡∏•‡∏∑‡∏≠‡∏á, ‡∏™‡πâ‡∏°, ‡∏™‡πâ‡∏°‡∏≠‡πà‡∏≠‡∏ô",49.0,18.76,62%,SEIYA-SHOP,,lazada,4196078019,100179000207
https://www.lazada.co.th/products/play-doh-wow-100-compound-variety-pack-play-doh-100-i5149963288.html,Play-Doh Wow 100 Compound Variety Pack  ‡∏î‡∏¥‡∏ô‡∏ô‡πâ‡∏≥‡∏°‡∏±‡∏ô ‡πÅ‡∏õ‡πâ‡∏á‡πÇ‡∏î‡∏ß‡πå play doh ‡∏Ç‡∏≠‡∏á‡πÅ‡∏ó‡πâ ‡∏•‡∏¥‡∏Ç‡∏™‡∏¥‡∏ó‡∏ò‡∏¥‡πå‡πÅ‡∏ó‡πâ 100‡∏™‡∏µ,‡∏ô‡∏ô‡∏ó‡∏ö‡∏∏‡∏£‡∏µ,5.0,1.0,,‡∏´‡∏•‡∏≤‡∏Å‡∏™‡∏µ,2450.0,1850.0,24%,imageoutlet,,lazada,5149963288,100183780
https://www.lazada.co.th/products/nara-dough-120-4-i2293583060.html,NARA Dough ‡πÅ‡∏õ‡πâ‡∏á‡πÇ‡∏î‡∏ß‡πå‡πÑ‡∏£‡πâ‡∏™‡∏≤‡∏£‡∏Å‡∏•‡∏π‡πÄ‡∏ï‡∏ô ‡∏Ç‡∏ô‡∏≤‡∏î120 ‡∏Å‡∏£‡∏±‡∏° ‡∏ö‡∏£‡∏£‡∏à‡∏∏ 4 ‡∏Å‡∏£‡∏∞‡∏õ‡∏∏‡∏Å,‡∏Å‡∏£‡∏∏‡∏á‡πÄ‡∏ó‡∏û‡∏°‡∏´‡∏≤‡∏ô‡∏Ñ‡∏£,4.925,40.0,272 ‡∏ä‡∏¥‡πâ‡∏ô,,89.0,89.0,,NARA Global,,lazada,2293583060,30426
https://www.lazada.co.th/products/nara-non-drying-dough-i421980654.html,NARA Non-Drying Dough (‡πÅ‡∏õ‡πâ‡∏á‡πÇ‡∏î‡∏ß‡πå‡∏ä‡∏ô‡∏¥‡∏î‡πÑ‡∏°‡πà‡πÅ‡∏´‡πâ‡∏á) ‡∏ä‡∏∏‡∏î‡∏û‡∏¥‡∏ã‡∏ã‡πà‡∏≤‡πÅ‡∏™‡∏ô‡∏™‡∏ô‡∏∏‡∏Å,‡∏Å‡∏£‡∏∏‡∏á‡πÄ‡∏ó‡∏û‡∏°‡∏´‡∏≤‡∏ô‡∏Ñ‡∏£,5.0,1.0,18 ‡∏ä‡∏¥‡πâ‡∏ô,Pizza,400.0,400.0,,NARA Global,,lazada,421980654,30426
https://www.lazada.co.th/products/botanic-set-12-i4410658282.html,‡πÅ‡∏õ‡πâ‡∏á‡πÇ‡∏îBotanic ‡∏™‡∏π‡∏ï‡∏£‡πÉ‡∏´‡∏°‡πà!! Set 12 ‡∏™‡∏µ ‡∏°‡∏≤‡∏û‡∏£‡πâ‡∏≠‡∏°‡∏Å‡∏£‡∏∞‡πÄ‡∏õ‡πã‡∏≤ ‡πÅ‡∏•‡∏∞ ‡πÑ‡∏°‡πâ‡∏Å‡∏•‡∏∂‡∏á‡πÅ‡∏õ‡πâ‡∏á ‡∏™‡∏≥‡∏´‡∏£‡∏±‡∏ö‡∏õ‡∏±‡πâ‡∏ô‡πÄ‡∏•‡πà‡∏ô ‡∏õ‡∏•‡∏≠‡∏î‡∏™‡∏≤‡∏£‡∏û‡∏¥‡∏© ‡∏Å‡∏•‡∏¥‡πà‡∏ô‡∏ò‡∏£‡∏£‡∏°‡∏ä‡∏≤‡∏ï‡∏¥ ‡∏°‡∏µ ‡∏°‡∏≠‡∏Å. ‡∏£‡∏±‡∏ö‡∏£‡∏≠,‡∏õ‡∏ó‡∏∏‡∏°‡∏ò‡∏≤‡∏ô‡∏µ,5.0,10.0,66 ‡∏ä‡∏¥‡πâ‡∏ô,,948.0,948.0,,Halorainbow,,lazada,4410658282,100300998035
https://www.lazada.co.th/products/-i4947078168.html,‡πÅ‡∏õ‡πâ‡∏á‡πÇ‡∏î‡πÑ‡∏≠‡∏ï‡∏¥‡∏° ‡πÅ‡∏õ‡πâ‡∏á‡πÇ‡∏î‡∏ö‡∏≤‡∏£‡πå‡∏ö‡∏µ‡∏Ñ‡∏¥‡∏ß ‡πÅ‡∏õ‡πâ‡∏á‡πÇ‡∏î‡∏´‡∏°‡∏≠‡∏ü‡∏±‡∏ô ‡∏ù‡∏∂‡∏Å‡∏û‡∏±‡∏í‡∏ô‡∏≤‡∏Å‡∏≤‡∏£ ‡πÄ‡∏™‡∏£‡∏¥‡∏°‡∏ó‡∏±‡∏Å‡∏©‡∏∞,‡∏Å‡∏£‡∏∏‡∏á‡πÄ‡∏ó‡∏û‡∏°‡∏´‡∏≤‡∏ô‡∏Ñ‡∏£,5.0,1.0,,"‡πÅ‡∏õ‡πâ‡∏á‡πÇ‡∏î/8062, ‡πÅ‡∏õ‡πâ‡∏á‡πÇ‡∏î‡∏≠‡∏≤‡∏´‡∏≤‡∏£‡πÄ‡∏ä‡πâ‡∏≤/581A, ‡πÅ‡∏õ‡πâ‡∏á‡πÇ‡∏î/D1, ‡πÅ‡∏õ‡πâ‡∏á‡πÇ‡∏î/‡πÄ‡∏Ñ‡πá‡∏Å/581B, ‡πÅ‡∏õ‡πâ‡∏á‡πÇ‡∏î/9115, ‡πÅ‡∏õ‡πâ‡∏á‡πÇ‡∏î/5838-129, ‡πÅ‡∏õ‡πâ‡∏á‡πÇ‡∏î‡∏´‡∏°‡∏≠‡∏ü‡∏±‡∏ô/6611, ‡πÅ‡∏õ‡πâ‡∏á‡πÇ‡∏î‡πÑ‡∏≠‡∏ï‡∏¥‡∏°/8818A, ‡πÅ‡∏õ‡πâ‡∏á‡πÇ‡∏î‡∏ö‡∏≤‡∏ö‡∏µ‡∏Ñ‡∏¥‡∏ß/8818B",169.0,169.0,,‡πÄ‡∏≠‡πÄ‡∏à ‡∏ó‡∏≠‡∏¢‡∏™‡πå,,lazada,4947078168,100543456442
https://www.lazada.co.th/products/babyspo-magic-clay-play-doh-toys-8-i3795213942.html,BABYSPO ‚≠êÔ∏è Magic Clay Play DOH Toys ‡πÅ‡∏õ‡πâ‡∏á‡πÇ‡∏î‡∏ß‡πå ‡πÑ‡∏£‡πâ‡∏™‡∏≤‡∏£‡∏û‡∏¥‡∏© ‡∏õ‡∏•‡∏≠‡∏î‡∏†‡∏±‡∏¢‡∏™‡∏≥‡∏´‡∏£‡∏±‡∏ö‡πÄ‡∏î‡πá‡∏Å ‡πÅ‡∏õ‡πâ‡∏á‡πÇ‡∏î‡∏ß‡πå‡∏ä‡∏∏‡∏î‡πÑ‡∏≠‡∏®‡∏Ñ‡∏£‡∏µ‡∏°/‡∏ó‡∏≥‡πÄ‡∏™‡πâ‡∏ô/‡∏ï‡∏Å‡πÅ‡∏ï‡πà‡∏á‡∏ú‡∏° ‡∏°‡∏≤‡∏Å‡πÉ‡∏´‡πâ‡πÄ‡∏•‡∏∑‡∏≠‡∏Å‡∏ñ‡∏∂‡∏á 8 ‡πÅ‡∏ö‡∏ö ‡∏Ç‡∏≠‡∏á‡πÄ‡∏•‡πà‡∏ô‡∏™‡∏≥‡∏´‡∏£‡∏±‡∏ö‡πÄ‡∏î‡πá‡∏Å,‡∏ä‡∏•‡∏ö‡∏∏‡∏£‡∏µ,4.5,8.0,50 ‡∏ä‡∏¥‡πâ‡∏ô,"‡∏ä‡∏∏‡∏î‡πÄ‡∏Ñ‡∏£‡∏∑‡πà‡∏≠‡∏á‡∏ó‡∏≥‡πÑ‡∏≠‡∏®‡∏Ñ‡∏£‡∏µ‡∏°, ‡∏ä‡∏∏‡∏î‡πÄ‡∏Ñ‡∏£‡∏∑‡πà‡∏≠‡∏á‡∏ó‡∏≥‡πÄ‡∏™‡πâ‡∏ô, ‡∏ä‡∏∏‡∏î‡∏≠‡∏∏‡∏õ‡∏Å‡∏£‡∏ì‡πå+‡πÅ‡∏õ‡πâ‡∏á‡πÇ‡∏î‡∏ß‡πå, ‡∏ä‡∏∏‡∏î‡πÅ‡∏°‡πà‡∏û‡∏¥‡∏°‡∏û‡πå, ‡∏ä‡∏∏‡∏î‡∏•‡∏π‡∏Å‡∏Å‡∏•‡∏¥‡πâ‡∏á, ‡∏ä‡∏∏‡∏î‡πÅ‡∏ï‡πà‡∏á‡∏ú‡∏°, ‡∏ä‡∏∏‡∏î‡πÑ‡∏≠‡∏®‡∏Ñ‡∏£‡∏µ‡∏°‡∏°‡∏¥‡∏ô‡∏¥, ‡∏ä‡∏∏‡∏î‡πÄ‡∏â‡∏û‡∏≤‡∏∞‡πÅ‡∏õ‡πâ‡∏á 12 ‡∏õ‡πã‡∏≠‡∏á",110.0,90.0,18%,BABYSPO TOY&KIDZ,,lazada,3795213942,1000445831
https://www.lazada.co.th/products/hasbro-play-doh-kitchen-creations-sweet-cakes-playset-i4321486541.html,HASBRO PLAY DOH KITCHEN CREATIONS SWEET CAKES PLAYSET   ‡∏Ç‡∏≠‡∏á‡πÄ‡∏•‡πà‡∏ô  ‡πÅ‡∏õ‡πâ‡∏á‡πÇ‡∏î‡∏ß‡πå ‡πÄ‡∏û‡∏•‡∏¢‡πå‡πÇ‡∏î‡∏ß‡πå ‡∏î‡∏¥‡∏ô‡∏ô‡πâ‡∏≥‡∏°‡∏±‡∏ô ‡∏õ‡∏±‡πâ‡∏ô ‡∏Ç‡∏≠‡∏á‡πÅ‡∏ó‡πâ,‡∏ô‡∏ô‡∏ó‡∏ö‡∏∏‡∏£‡∏µ,5.0,2.0,5 ‡∏ä‡∏¥‡πâ‡∏ô,‡∏´‡∏•‡∏≤‡∏Å‡∏™‡∏µ,1950.0,1394.0,29%,imageoutlet,,lazada,4321486541,100183780
https://www.lazada.co.th/products/wheel-i1894806019.html,‡∏ó‡∏µ‡πà‡∏ï‡∏±‡∏î‡πÅ‡∏õ‡πâ‡∏á wheel ‡∏ó‡∏µ‡πà‡∏ï‡∏±‡∏î‡πÅ‡∏õ‡πâ‡∏á‡∏û‡∏¥‡∏ã‡∏ã‡πà‡∏≤ ‡πÅ‡∏ö‡∏ö‡πÇ‡∏•‡∏´‡∏∞ ‡∏ó‡∏µ‡πà‡∏ï‡∏±‡∏î‡∏û‡∏¥‡∏ã‡∏ã‡πà‡∏≤ ‡∏°‡∏µ‡∏î‡∏ï‡∏±‡∏î‡∏û‡∏¥‡∏ã‡∏ã‡πà‡∏≤ ‡∏ó‡∏µ‡πà‡∏ï‡∏±‡∏î‡πÅ‡∏õ‡πâ‡∏á‡∏Ç‡∏ô‡∏° ‡∏ó‡∏µ‡πà‡∏ï‡∏±‡∏î‡πÅ‡∏õ‡πâ‡∏á‡πÇ‡∏î‡∏ß‡πå ‡∏ó‡∏µ‡πà‡∏ï‡∏±‡∏î‡πÅ‡∏õ‡πâ‡∏á‡πÄ‡∏Ñ‡πâ‡∏Å ‡∏ó‡∏µ‡πà‡∏ï‡∏±‡∏î‡πÅ‡∏õ‡πâ‡∏á‡∏Å‡∏•‡∏°,‡∏Å‡∏£‡∏∏‡∏á‡πÄ‡∏ó‡∏û‡∏°‡∏´‡∏≤‡∏ô‡∏Ñ‡∏£,4.851851851851852,108.0,706 ‡∏ä‡∏¥‡πâ‡∏ô,‡∏ó‡∏µ‡πà‡∏ï‡∏±‡∏î‡πÅ‡∏ö‡∏ö‡∏Å‡∏•‡∏°,129.0,98.0,24%,LALALAND,,lazada,1894806019,100030250
https://www.lazada.co.th/products/sourdough-5-i5175670250.html,‡∏°‡∏µ‡∏î‡∏Å‡∏£‡∏µ‡∏î‡∏•‡∏≤‡∏¢‡∏Ç‡∏ô‡∏°‡∏õ‡∏±‡∏á ‡∏°‡∏µ‡∏î‡∏Å‡∏£‡∏µ‡∏î‡∏Ç‡∏ô‡∏°‡∏õ‡∏±‡∏á‡∏ù‡∏£‡∏±‡πà‡∏á‡πÄ‡∏®‡∏© ‡∏Å‡∏£‡∏µ‡∏î‡πÅ‡∏õ‡πâ‡∏á‡πÇ‡∏î‡∏ß‡πå Sourdough ‡∏ü‡∏£‡∏µ‡πÉ‡∏ö‡∏°‡∏µ‡∏î5‡∏ä‡∏¥‡πâ‡∏ô+‡∏Å‡∏£‡∏∞‡πÄ‡∏õ‡πã‡∏≤‡πÄ‡∏Å‡πá‡∏ö ‚Ä¢‡∏û‡∏£‡πâ‡∏≠‡∏°‡∏™‡πà‡∏á‡∏à‡∏≤‡∏Å‡πÑ‡∏ó‡∏¢‚Ä¢,‡∏™‡∏∏‡∏û‡∏£‡∏£‡∏ì‡∏ö‡∏∏‡∏£‡∏µ,5.0,4.0,11 ‡∏ä‡∏¥‡πâ‡∏ô,"‡πÄ‡∏ã‡∏ïA, ‡πÄ‡∏ã‡∏ïB, ‡πÄ‡∏ã‡∏ïC",149.0,139.0,7%,Happy lemonn,,lazada,5175670250,100210914791
https://www.lazada.co.th/products/nara-dough-boxset-box-set-i3720940268.html,NARA Dough Boxset ‡πÅ‡∏õ‡πâ‡∏á‡πÇ‡∏î‡∏ß‡πå‡πÑ‡∏£‡πâ‡∏™‡∏≤‡∏£‡∏Å‡∏•‡∏π‡πÄ‡∏ï‡πá‡∏ô ‡∏™‡∏µ‡∏û‡∏≤‡∏™‡πÄ‡∏ó‡∏•‡∏ô‡πà‡∏≤‡∏£‡∏±‡∏Å ‡∏ä‡∏∏‡∏î Box set ‡∏≠‡∏∏‡∏õ‡∏Å‡∏£‡∏ì‡πå‡∏õ‡∏±‡πâ‡∏ô + ‡πÅ‡∏°‡πà‡∏û‡∏¥‡∏°‡∏û‡πå *‡∏™‡∏µ‡∏Å‡∏•‡πà‡∏≠‡∏á‡πÑ‡∏°‡πà‡∏™‡∏≤‡∏°‡∏≤‡∏£‡∏ñ‡πÄ‡∏•‡∏∑‡∏≠‡∏Å‡πÑ‡∏î‡πâ*,‡∏Å‡∏£‡∏∏‡∏á‡πÄ‡∏ó‡∏û‡∏°‡∏´‡∏≤‡∏ô‡∏Ñ‡∏£,4.940298507462686,67.0,364 ‡∏ä‡∏¥‡πâ‡∏ô,,119.0,119.0,,NARA Global,,lazada,3720940268,30426
https://www.lazada.co.th/products/undineucod-2in1-diy-i4771574782.html,„ÄêUndineu„ÄëCOD 2in1 ‡πÅ‡∏°‡πà‡∏û‡∏¥‡∏°‡∏û‡πå‡∏ó‡πç‡∏≤‡πÄ‡∏Å‡∏µ‡πä‡∏¢‡∏ß ‡∏ó‡∏µ‡πà‡∏´‡πà‡∏≠‡πÄ‡∏Å‡∏µ‡πä‡∏¢‡∏ß ‡πÅ‡∏õ‡πâ‡∏á‡πÇ‡∏î‡∏ß‡πå ‡πÅ‡∏ö‡∏ö‡∏Å‡∏î ‡∏õ‡∏£‡∏∞‡∏´‡∏¢‡∏±‡∏î‡πÅ‡∏£‡∏á‡∏á‡∏≤‡∏ô  DIY ‡∏™‡πç‡∏≤‡∏´‡∏£‡∏±‡∏ö‡∏ó‡πç‡∏≤‡πÄ‡∏Å‡∏µ‡πä‡∏¢‡∏ß ‡∏û‡∏¥‡∏°‡∏û‡πå‡∏ó‡∏≥‡πÄ‡∏Å‡∏µ‡πä‡∏¢‡∏ß‡∏ã‡πà‡∏≤‡πÉ‡∏ä‡πâ‡∏á‡∏≤‡∏ô‡∏á‡πà‡∏≤‡∏¢,‡∏Å‡∏£‡∏∏‡∏á‡πÄ‡∏ó‡∏û‡∏°‡∏´‡∏≤‡∏ô‡∏Ñ‡∏£,5.0,17.0,25 ‡∏ä‡∏¥‡πâ‡∏ô,"‡∏™‡∏µ‡∏ä‡∏°‡∏û‡∏π, ‡∏™‡∏µ‡πÄ‡∏Ç‡∏µ‡∏¢‡∏ß",109.0,61.0,44%,Undineu,,lazada,4771574782,100244898118
https://www.lazada.co.th/products/wanna-2-dough-dough-rolling-pin-i2621800429.html,üî•‡∏™‡πà‡∏á‡∏ü‡∏£‡∏µüî• ‡πÑ‡∏°‡πâ‡∏Ñ‡∏•‡∏∂‡∏á‡πÅ‡∏õ‡πâ‡∏á WANNA ‡πÉ‡∏´‡∏°‡πà!‡∏°‡∏µ‡πÄ‡∏Å‡∏•‡∏ö‡∏≠‡∏Å‡∏Ç‡∏ô‡∏≤‡∏î(‡∏°‡∏µ‡πÉ‡∏´‡πâ‡πÄ‡∏•‡∏∑‡∏≠‡∏Å‡∏ã‡∏∑‡πâ‡∏≠2‡∏Ç‡∏ô‡∏≤‡∏î!) ‡πÑ‡∏°‡πâ‡∏Ñ‡∏•‡∏∂‡∏á‡∏ô‡∏ß‡∏î‡πÅ‡∏õ‡πâ‡∏á ‡πÑ‡∏°‡πâ‡∏ô‡∏ß‡∏î‡∏Ñ‡∏•‡∏∂‡∏á‡πÅ‡∏õ‡πâ‡∏á ‡πÑ‡∏°‡πâ‡∏£‡∏µ‡∏î‡πÅ‡∏õ‡πâ‡∏á ‡πÑ‡∏°‡πâ‡∏Ñ‡∏•‡∏∂‡∏á‡πÅ‡∏õ‡πâ‡∏á‡πÇ‡∏î‡∏ß‡πå ‡πÑ‡∏°‡πâ‡∏Ñ‡∏•‡∏∂‡∏á‡πÅ‡∏õ‡πâ‡∏ádough ‡∏ó‡∏µ‡πà‡∏ô‡∏ß‡∏î‡πÅ‡∏õ‡πâ‡∏á ‡πÑ‡∏°‡πâ‡∏ô‡∏ß‡∏î‡∏•‡∏π‡∏Å‡∏Å‡∏•‡∏¥‡πâ‡∏á ‡πÑ‡∏°‡πâ‡∏Ñ‡∏•‡∏∂‡∏á ‡πÑ‡∏°‡πâ‡∏ô‡∏ß‡∏î Dough Rolling Pin ‡∏ó‡∏µ‡πà‡∏Ñ‡∏•‡∏∂‡∏á‡πÅ‡∏õ‡πâ‡∏á,‡∏£‡∏≤‡∏ä‡∏ö‡∏∏‡∏£‡∏µ,4.910891089108911,101.0,707 ‡∏ä‡∏¥‡πâ‡∏ô,"‡πÄ‡∏•‡πá‡∏Å 20 CM, ‡πÉ‡∏´‡∏ç‡πà 30 CM",100.0,59.0,41%,Wanna's Shop,,lazada,2621800429,1000391684
https://www.lazada.co.th/products/kid-art-500-7-12-i116000611.html,Kid Art ‡πÅ‡∏õ‡πâ‡∏á‡πÇ‡∏î‡∏ß‡πå 500 ‡∏Å‡∏£‡∏±‡∏° 7 ‡∏™‡∏µ + ‡πÅ‡∏°‡πà‡∏û‡∏¥‡∏°‡∏û‡πå 12 ‡∏ä‡∏¥‡πâ‡∏ô,‡∏ô‡∏ô‡∏ó‡∏ö‡∏∏‡∏£‡∏µ,4.142857142857143,7.0,55 ‡∏ä‡∏¥‡πâ‡∏ô,‡πÑ‡∏°‡πà‡∏£‡∏∞‡∏ö‡∏∏,399.0,199.0,50%,Mellow Candle,,lazada,116000611,100024260
https://www.lazada.co.th/products/2-double-ring-i5175634344.html,‡πÑ‡∏°‡πâ‡∏ú‡∏™‡∏°‡πÅ‡∏õ‡πâ‡∏á‡πÇ‡∏î‡∏ß‡πå ‡∏ó‡∏µ‡πà‡∏ï‡∏µ‡πÑ‡∏Ç‡πà ‡πÑ‡∏°‡πâ‡∏ú‡∏™‡∏° 2 ‡∏´‡∏±‡∏ß Double ring ‡∏ï‡∏∞‡∏Å‡∏£‡πâ‡∏≠‡∏ï‡∏µ‡πÅ‡∏õ‡πâ‡∏á ‡∏ú‡∏™‡∏°‡∏≠‡∏≤‡∏´‡∏≤‡∏£‚Ä¢‡∏û‡∏£‡πâ‡∏≠‡∏°‡∏™‡πà‡∏á‚Ä¢,‡∏™‡∏∏‡∏û‡∏£‡∏£‡∏ì‡∏ö‡∏∏‡∏£‡∏µ,,,5 ‡∏ä‡∏¥‡πâ‡∏ô,,99.0,69.0,30%,Happy lemonn,,lazada,5175634344,100210914791
https://www.lazada.co.th/products/10-colour-dough-party-pack-10-mini-cans-1-10-100-9115-i1000382945.html,‡πÅ‡∏õ‡πâ‡∏á‡πÇ‡∏î‡∏ß‡πå 10 ‡∏™‡∏µ Colour Dough Party Pack 10 Mini Cans ( 1 ‡∏ä‡∏∏‡∏î ‡πÑ‡∏î‡πâ 10 ‡∏Å‡∏£‡∏∞‡∏õ‡∏∏‡∏Å ) // ‡∏™‡∏¥‡∏ô‡∏Ñ‡πâ‡∏≤‡πÑ‡∏î‡πâ‡∏ï‡∏≤‡∏°‡∏£‡∏π‡∏õ ‡∏ï‡∏£‡∏á‡∏õ‡∏Å ‡πÅ‡∏ô‡πà‡∏ô‡∏≠‡∏ô 100% // ‡∏ñ‡∏π‡∏Å‡πÉ‡∏à ‡πÄ‡∏î‡πá‡∏Å ‡πÜ ‡πÅ‡∏ô‡πà‡∏ô‡∏≠‡∏ô ‡∏£‡∏≤‡∏Ñ‡∏≤‡∏ñ‡∏π‡∏Å 9115,‡∏ô‡∏Ñ‡∏£‡∏£‡∏≤‡∏ä‡∏™‡∏µ‡∏°‡∏≤,5.0,3.0,15 ‡∏ä‡∏¥‡πâ‡∏ô,‡πÅ‡∏õ‡πâ‡∏á‡πÇ‡∏î‡∏ß‡πå 10 ‡∏Å‡∏£‡∏∞‡∏õ‡∏∏‡∏Å,350.0,125.0,64%,PES Shop 2030,,lazada,1000382945,100182499
https://www.lazada.co.th/products/cosmic-neon-galaxy-star-dust-i4410601753.html,‡πÅ‡∏õ‡πâ‡∏á‡πÇ‡∏î Cosmic Neon ‡∏™‡∏µ Galaxy ‡∏°‡πà‡∏ß‡∏á‡∏õ‡∏£‡∏∞‡∏î‡∏±‡∏ö‡∏ú‡∏á Star Dust,‡∏õ‡∏ó‡∏∏‡∏°‡∏ò‡∏≤‡∏ô‡∏µ,5.0,2.0,7 ‡∏ä‡∏¥‡πâ‡∏ô,,85.0,85.0,,Halorainbow,,lazada,4410601753,100300998035
https://www.lazada.co.th/products/-i4716330917.html,‡πÅ‡∏õ‡πâ‡∏á‡πÇ‡∏î‡∏ß‡πå ‡∏î‡∏¥‡∏ô‡πÄ‡∏ö‡∏≤ ‡πÅ‡∏õ‡πâ‡∏á‡πÇ‡∏î‡∏ß‡πå‡∏Ç‡∏≠‡∏á‡πÄ‡∏•‡πà‡∏ô‡πÄ‡∏î‡πá‡∏Å ‡πÅ‡∏õ‡πâ‡∏á‡∏õ‡∏±‡πâ‡∏ô ‡πÄ‡∏™‡∏£‡∏¥‡∏°‡∏û‡∏±‡∏í‡∏ô‡∏≤‡∏Å‡∏≤‡∏£,‡∏õ‡∏ó‡∏∏‡∏°‡∏ò‡∏≤‡∏ô‡∏µ,4.454545454545454,11.0,42 ‡∏ä‡∏¥‡πâ‡∏ô,"‡πÅ‡∏õ‡πâ‡∏á‡πÇ‡∏î‡∏ß‡πå 12 ‡∏ñ‡∏∏‡∏á, ‡πÅ‡∏õ‡πâ‡∏á‡πÇ‡∏î‡∏ß‡πå 12 ‡∏Å‡∏£‡∏∞‡∏õ‡∏∏‡∏Å, ‡πÅ‡∏õ‡πâ‡∏á‡πÇ‡∏î‡∏ß‡πå 24 ‡∏ñ‡∏∏‡∏á, ‡πÅ‡∏õ‡πâ‡∏á‡πÇ‡∏î‡∏ß‡πå‡∏Å‡∏£‡∏∞‡∏õ‡∏∏‡∏Å‡πÄ‡∏´‡∏•‡∏∑‡∏≠‡∏á, ‡∏î‡∏¥‡∏ô‡πÄ‡∏ö‡∏≤ 12 ‡∏ñ‡∏∏‡∏á, ‡∏î‡∏¥‡∏ô‡πÄ‡∏ö‡∏≤ 24 ‡∏ñ‡∏∏‡∏á, ‡∏î‡∏¥‡∏ô‡πÄ‡∏ö‡∏≤ 36 ‡∏ñ‡∏∏‡∏á, ‡∏î‡∏¥‡∏ô‡πÄ‡∏ö‡∏≤ 24 ‡∏Å‡∏£‡∏∞‡∏õ‡∏∏‡∏Å",95.0,95.0,,Kids Enjoy,,lazada,4716330917,100195083046
https://www.lazada.co.th/products/mad-mattr-57g-the-ultimate-brick-maker-play-dough-i312324190.html,‡πÅ‡∏õ‡πâ‡∏á‡πÇ‡∏î‡∏ß‡πå‡∏™‡∏ß‡∏µ‡πÄ‡∏î‡∏ô MAD MATTR¬Æ ‡πÑ‡∏°‡πà‡∏°‡∏µ‡∏ß‡∏±‡∏ô‡πÅ‡∏´‡πâ‡∏á‡πÅ‡∏Ç‡πá‡∏á ‡∏ú‡∏™‡∏°‡∏™‡∏µ‡πÑ‡∏î‡πâ ‡πÇ‡∏î‡∏ß‡πå‡πÅ‡∏•‡∏∞‡πÅ‡∏°‡πà‡∏û‡∏¥‡∏°‡∏û‡πå‡πÄ‡∏•‡πÇ‡∏Å‡πâ 57g. The Ultimate Brick Maker ‡πÑ‡∏°‡πà‡∏ï‡∏¥‡∏î‡∏°‡∏∑‡∏≠ ‡πÑ‡∏°‡πà‡∏ï‡∏¥‡∏î‡πÄ‡∏™‡∏∑‡πâ‡∏≠ ‡πÑ‡∏£‡πâ‡∏™‡∏≤‡∏£‡∏û‡∏¥‡∏© ‡∏™‡πÑ‡∏•‡∏°‡πå ‡∏ó‡∏£‡∏≤‡∏¢ play dough,‡∏Å‡∏£‡∏∏‡∏á‡πÄ‡∏ó‡∏û‡∏°‡∏´‡∏≤‡∏ô‡∏Ñ‡∏£,4.2,4.0,28 ‡∏ä‡∏¥‡πâ‡∏ô,"‡∏ü‡πâ‡∏≤, ‡∏ä‡∏°‡∏û‡∏π, ‡∏°‡πà‡∏ß‡∏á, 3 ‡∏ñ‡∏∏‡∏á",395.0,297.0,25%,3 Years Up,mall,lazada,312324190,1000042209
https://www.lazada.co.th/products/ct-toy-plus-i5173224614.html,‡∏Ç‡∏≠‡∏á‡πÄ‡∏•‡πà‡∏ô‡πÄ‡∏î‡πá‡∏Å ‡πÅ‡∏õ‡πâ‡∏á‡πÇ‡∏î‡∏ß‡πå‡∏î‡∏¥‡∏ô‡∏ô‡πâ‡∏≥‡∏°‡∏±‡∏ô ‡∏î‡∏¥‡∏ô‡πÄ‡∏ö‡∏≤ ‡∏ä‡∏∏‡∏î‡πÄ‡∏Ñ‡∏£‡∏∑‡πà‡∏≠‡∏á‡∏ó‡∏≥‡πÄ‡∏™‡πâ‡∏ô‡∏ö‡∏∞‡∏´‡∏°‡∏µ‡πà ‡πÄ‡∏ö‡∏≠‡∏£‡πå‡πÄ‡∏Å‡∏≠‡∏£‡πå ‡πÑ‡∏≠‡∏®‡∏Å‡∏£‡∏µ‡∏° ‡∏ó‡∏≥‡∏≠‡∏≤‡∏´‡∏≤‡∏£ ‡πÅ‡∏°‡πà‡∏û‡∏¥‡∏°‡∏û‡πå‡∏î‡∏¥‡∏ô‡∏ô‡πâ‡∏≥‡∏°‡∏±‡∏ô‡∏™‡∏≥‡∏´‡∏£‡∏±‡∏ö‡πÄ‡∏î‡πá‡∏Å CT TOY PLUS,‡∏õ‡∏ó‡∏∏‡∏°‡∏ò‡∏≤‡∏ô‡∏µ,,,,"‡∏ä‡∏∏‡∏îA, ‡∏ä‡∏∏‡∏îD, ‡∏ä‡∏∏‡∏îC, ‡∏ä‡∏∏‡∏îB",259.0,135.0,48%,CT TOY PLUS,,lazada,5173224614,100701008333
https://www.lazada.co.th/products/10-9502-i221841497.html,‡πÅ‡∏õ‡πâ‡∏á‡πÇ‡∏î‡∏ß‡πå 10 ‡∏™‡∏µ ‡∏ù‡∏≤‡∏ã‡∏µ‡∏• ‡πÑ‡∏£‡πâ‡∏™‡∏≤‡∏£‡πÄ‡∏Ñ‡∏°‡∏µ  ‡∏£‡∏∏‡πà‡∏ô 9502,‡∏Å‡∏£‡∏∏‡∏á‡πÄ‡∏ó‡∏û‡∏°‡∏´‡∏≤‡∏ô‡∏Ñ‡∏£,5.0,3.0,17 ‡∏ä‡∏¥‡πâ‡∏ô,‡∏´‡∏•‡∏≤‡∏Å‡∏™‡∏µ,228.0,138.0,39%,MHF Thailand,,lazada,221841497,25424
https://www.lazada.co.th/products/dough-cutter-i3823216640.html,Dough cutter ‡∏ó‡∏µ‡πà‡∏ï‡∏±‡∏î‡πÅ‡∏õ‡πâ‡∏á‡πÇ‡∏î‡∏ß‡πå (‡∏Ñ‡∏•‡∏∞‡∏™‡∏µ),‡∏Å‡∏£‡∏∏‡∏á‡πÄ‡∏ó‡∏û‡∏°‡∏´‡∏≤‡∏ô‡∏Ñ‡∏£,5.0,1.0,6 ‡∏ä‡∏¥‡πâ‡∏ô,‡∏™‡∏µ‡∏ä‡∏°‡∏û‡∏π,12.0,12.0,,OK Baker,,lazada,3823216640,30209
https://www.lazada.co.th/products/-i5195055141.html,‡πÅ‡∏õ‡πâ‡∏á‡πÇ‡∏î‡∏ß‡πå ‡∏î‡∏¥‡∏ô‡∏ô‡πâ‡∏≥‡∏°‡∏±‡∏ô ‡∏î‡∏¥‡∏ô‡πÄ‡∏ö‡∏≤ ‡∏™‡πÑ‡∏•‡∏°‡πå ‡∏ä‡∏∏‡∏î‡πÄ‡∏•‡πà‡∏ô‡∏ó‡∏£‡∏≤‡∏¢ ‡∏ä‡∏∏‡∏î‡∏ï‡∏±‡∏Å‡∏ó‡∏£‡∏≤‡∏¢ ‡∏ó‡∏£‡∏≤‡∏¢‡∏ß‡∏¥‡∏ó‡∏¢‡∏≤‡∏®‡∏≤‡∏™‡∏ï‡∏£‡πå ‡πÄ‡∏•‡πà‡∏ô‡∏ó‡∏£‡∏≤‡∏¢ ‡∏Ç‡∏≠‡∏á‡πÄ‡∏•‡πà‡∏ô ‡∏Ç‡∏≠‡∏á‡πÄ‡∏•‡πà‡∏ô‡πÄ‡∏î‡πá‡∏Å,‡∏°‡∏∏‡∏Å‡∏î‡∏≤‡∏´‡∏≤‡∏£,,,,,154.0,154.0,,NJ ‡∏Ç‡∏≠‡∏á‡πÄ‡∏•‡πà‡∏ô,,lazada,5195055141,100194729812
https://www.lazada.co.th/products/play-doh-sweet-shoppe-double-desserts-playset-play-doh-i4518521548.html,Play-Doh Sweet Shoppe Double Desserts Playset play doh  ‡∏î‡∏¥‡∏ô‡∏ô‡πâ‡∏≥‡∏°‡∏±‡∏ô ‡πÅ‡∏õ‡πâ‡∏á‡πÇ‡∏î‡∏ß‡πå ‡∏Ç‡∏≠‡∏á‡πÄ‡∏•‡πà‡∏ô  ‡πÅ‡∏õ‡πâ‡∏á‡πÇ‡∏î‡∏ß‡πå ‡πÄ‡∏û‡∏•‡∏¢‡πå‡πÇ‡∏î‡∏ß‡πå ‡∏î‡∏¥‡∏ô‡∏ô‡πâ‡∏≥‡∏°‡∏±‡∏ô ‡∏õ‡∏±‡πâ‡∏ô ‡∏Ç‡∏≠‡∏á‡πÅ‡∏ó‡πâ,‡∏ô‡∏ô‡∏ó‡∏ö‡∏∏‡∏£‡∏µ,5.0,1.0,,‡∏´‡∏•‡∏≤‡∏Å‡∏™‡∏µ,1595.0,895.0,44%,imageoutlet,,lazada,4518521548,100183780
https://www.lazada.co.th/products/lookmeeshop-18-i4889115120.html,LookmeeShop ‡∏ä‡∏∏‡∏î‡πÅ‡∏õ‡πâ‡∏á‡πÇ‡∏î‡∏ß‡πå‡πÑ‡∏î‡πÇ‡∏ô‡πÄ‡∏™‡∏≤‡∏£‡πå‡∏™‡∏≥‡∏´‡∏£‡∏±‡∏ö‡∏õ‡∏±‡πâ‡∏ô ‡∏Ç‡∏≠‡∏á‡πÄ‡∏•‡πà‡∏ô‡πÄ‡∏î‡πá‡∏Å‡∏õ‡∏±‡πâ‡∏ô‡πÜ ‡∏î‡∏¥‡∏ô‡πÄ‡∏ö‡∏≤ ‡∏û‡∏£‡πâ‡∏≠‡∏°‡∏≠‡∏∏‡∏õ‡∏Å‡∏£‡∏ì‡πå‡∏õ‡∏±‡πâ‡∏ô‡πÅ‡∏•‡∏∞‡πÅ‡∏°‡πà‡∏û‡∏¥‡∏°‡∏û‡πå 18‡∏ä‡∏¥‡πâ‡∏ô ‡∏Ñ‡∏∏‡πâ‡∏°‡∏™‡∏∏‡∏î‡πÜ ‡∏Ç‡∏≠‡∏á‡∏Ç‡∏ß‡∏±‡∏ç‡πÄ‡∏î‡πá‡∏Å,‡∏Å‡∏£‡∏∏‡∏á‡πÄ‡∏ó‡∏û‡∏°‡∏´‡∏≤‡∏ô‡∏Ñ‡∏£,5.0,4.0,19 ‡∏ä‡∏¥‡πâ‡∏ô,"‡πÄ‡∏ã‡πá‡∏ó‡∏î‡∏¥‡∏ô‡πÄ‡∏ö‡∏≤‡πÑ‡∏î‡πÇ‡∏ô, ‡πÄ‡∏ã‡πá‡∏ó‡∏Å‡∏•‡πà‡∏≠‡∏á 500g., x1 ‡∏î‡∏¥‡∏ô‡πÄ‡∏ö‡∏≤‡πÅ‡∏û‡∏Ñ12‡∏™‡∏µ, x3 ‡∏î‡∏¥‡∏ô‡πÄ‡∏ö‡∏≤‡πÅ‡∏û‡∏Ñ12‡∏™‡∏µ",299.0,159.0,47%,Lookmee Shop,,lazada,4889115120,5618
https://www.lazada.co.th/products/homeberg-wheel-i2718740453.html,HOMEBERG ‡∏ó‡∏µ‡πà‡∏ï‡∏±‡∏î‡πÅ‡∏õ‡πâ‡∏á wheel ‡∏ó‡∏µ‡πà‡∏ï‡∏±‡∏î‡πÅ‡∏õ‡πâ‡∏á‡∏û‡∏¥‡∏ã‡∏ã‡πà‡∏≤ ‡∏ó‡∏µ‡πà‡∏ï‡∏±‡∏î‡∏û‡∏¥‡∏ã‡∏ã‡πà‡∏≤ ‡∏°‡∏µ‡∏î‡∏ï‡∏±‡∏î‡∏û‡∏¥‡∏ã‡∏ã‡πà‡∏≤ ‡∏ó‡∏µ‡πà‡∏ï‡∏±‡∏î‡πÅ‡∏õ‡πâ‡∏á‡∏Ç‡∏ô‡∏° ‡∏ó‡∏µ‡πà‡∏ï‡∏±‡∏î‡πÅ‡∏õ‡πâ‡∏á‡πÇ‡∏î‡∏ß‡πå ‡∏ó‡∏µ‡πà‡∏ï‡∏±‡∏î‡πÅ‡∏õ‡πâ‡∏á‡πÄ‡∏Ñ‡πâ‡∏Å ‡∏ó‡∏µ‡πà‡∏ï‡∏±‡∏î‡πÅ‡∏õ‡πâ‡∏á‡∏Å‡∏•‡∏°,‡∏Å‡∏£‡∏∏‡∏á‡πÄ‡∏ó‡∏û‡∏°‡∏´‡∏≤‡∏ô‡∏Ñ‡∏£,4.954545454545454,22.0,109 ‡∏ä‡∏¥‡πâ‡∏ô,"‡∏ó‡∏µ‡πà‡∏ï‡∏±‡∏î‡∏û‡∏¥‡∏ã‡∏ã‡πà‡∏≤, ‡∏ä‡πâ‡∏≠‡∏ô‡πÄ‡∏™‡∏¥‡∏£‡πå‡∏ü",79.0,59.0,25%,HOMEBERG,,lazada,2718740453,1000140607
https://www.lazada.co.th/products/bb-bubble-shop-i5164784486.html,‡∏Ç‡∏≠‡∏á‡πÄ‡∏•‡πà‡∏ô‡πÄ‡∏î‡πá‡∏Å ‡πÅ‡∏õ‡πâ‡∏á‡πÇ‡∏î‡∏ß‡πå‡∏î‡∏¥‡∏ô‡∏ô‡πâ‡∏≥‡∏°‡∏±‡∏ô ‡∏î‡∏¥‡∏ô‡πÄ‡∏ö‡∏≤ ‡∏ä‡∏∏‡∏î‡πÄ‡∏Ñ‡∏£‡∏∑‡πà‡∏≠‡∏á‡∏ó‡∏≥‡πÄ‡∏™‡πâ‡∏ô‡∏ö‡∏∞‡∏´‡∏°‡∏µ‡πà ‡πÄ‡∏ö‡∏≠‡∏£‡πå‡πÄ‡∏Å‡∏≠‡∏£‡πå ‡πÑ‡∏≠‡∏®‡∏Å‡∏£‡∏µ‡∏° ‡∏ó‡∏≥‡∏≠‡∏≤‡∏´‡∏≤‡∏£ ‡πÅ‡∏°‡πà‡∏û‡∏¥‡∏°‡∏û‡πå‡∏î‡∏¥‡∏ô‡∏ô‡πâ‡∏≥‡∏°‡∏±‡∏ô‡∏™‡∏≥‡∏´‡∏£‡∏±‡∏ö‡πÄ‡∏î‡πá‡∏Å BB Bubble Shop,‡∏õ‡∏ó‡∏∏‡∏°‡∏ò‡∏≤‡∏ô‡∏µ,5.0,2.0,,"‡∏ä‡∏∏‡∏îA, ‡∏ä‡∏∏‡∏îD, ‡∏ä‡∏∏‡∏îC, ‡∏ä‡∏∏‡∏îB",189.0,125.0,34%,BB Bubble Shop,,lazada,5164784486,100200906403
https://www.lazada.co.th/products/hasbro-play-doh-kitchen-creations-noodle-party-set-i3087313560.html,HASBRO PLAY DOH KITCHEN CREATIONS NOODLE PARTY SET ‡πÄ‡∏û‡∏•‡∏¢‡πå‡πÇ‡∏î‡∏ß‡πå ‡∏û‡∏£‡πâ‡∏≠‡∏°‡∏≠‡∏∏‡∏õ‡∏Å‡∏£‡∏ì‡πå  ‡∏Ç‡∏≠‡∏á‡πÄ‡∏•‡πà‡∏ô  ‡πÅ‡∏õ‡πâ‡∏á‡πÇ‡∏î‡∏ß‡πå ‡πÄ‡∏û‡∏•‡∏¢‡πå‡πÇ‡∏î‡∏ß‡πå ‡∏î‡∏¥‡∏ô‡∏ô‡πâ‡∏≥‡∏°‡∏±‡∏ô ‡∏õ‡∏±‡πâ‡∏ô ‡∏Ç‡∏≠‡∏á‡πÅ‡∏ó‡πâ,‡∏ô‡∏ô‡∏ó‡∏ö‡∏∏‡∏£‡∏µ,5.0,2.0,29 ‡∏ä‡∏¥‡πâ‡∏ô,‡∏´‡∏•‡∏≤‡∏Å‡∏™‡∏µ,1595.0,1395.0,13%,imageoutlet,,lazada,3087313560,100183780
https://www.lazada.co.th/products/bwntix-playdough-3d-3d-i5136345363.html,BWNTIX ‡∏û‡∏•‡∏≤‡∏™‡∏ï‡∏¥‡∏Å‡∏ó‡∏≥‡∏à‡∏≤‡∏Å‡∏û‡∏•‡∏≤‡∏™‡∏ï‡∏¥‡∏Å ‡πÄ‡∏Ñ‡∏£‡∏∑‡πà‡∏≠‡∏á‡∏°‡∏∑‡∏≠‡∏£‡∏π‡∏õ‡πÅ‡∏ö‡∏ö playdough 3D ‡∏Ç‡∏≠‡∏á‡πÄ‡∏•‡πà‡∏ô‡∏î‡∏¥‡∏ô‡πÄ‡∏´‡∏ô‡∏µ‡∏¢‡∏ß‡∏Ç‡∏≠‡∏á‡πÄ‡∏•‡πà‡∏ô ‡πÄ‡∏Ñ‡∏£‡∏∑‡πà‡∏≠‡∏á‡∏°‡∏∑‡∏≠3D ‡∏î‡∏¥‡∏ô‡∏ô‡πâ‡∏≥‡∏°‡∏±‡∏ô ‡∏≠‡∏∏‡∏õ‡∏Å‡∏£‡∏ì‡πå‡πÄ‡∏™‡∏£‡∏¥‡∏°‡∏î‡∏¥‡∏ô‡πÄ‡∏´‡∏ô‡∏µ‡∏¢‡∏ß‡∏à‡∏≥‡∏•‡∏≠‡∏á ‡∏™‡∏µ‡∏™‡∏±‡∏ô‡∏™‡∏î‡πÉ‡∏™ ‡∏ä‡∏∏‡∏î‡πÅ‡∏õ‡πâ‡∏á‡πÇ‡∏î‡∏ß‡πå‡πÅ‡∏°‡πà‡∏û‡∏¥‡∏°‡∏û‡πå‡∏î‡∏¥‡∏ô‡πÄ‡∏´‡∏ô‡∏µ‡∏¢‡∏ß ‡∏Å‡∏≤‡∏£‡πÄ‡∏£‡∏µ‡∏¢‡∏ô‡∏£‡∏π‡πâ‡∏Å‡∏≤‡∏£‡πÄ‡∏£‡∏µ‡∏¢‡∏ô‡∏£‡∏π‡πâ,China,5.0,1.0,,"20pcs, 5pcs, 24pcs, 6pcs",92.0,48.16,48%,BWNTIX STORE,,lazada,5136345363,100179426183
https://www.lazada.co.th/products/botanic-carrot-i4410617661.html,‡πÅ‡∏õ‡πâ‡∏á‡πÇ‡∏îBotanic  ‡∏™‡∏µ Carrot ‡∏™‡πâ‡∏°,‡∏õ‡∏ó‡∏∏‡∏°‡∏ò‡∏≤‡∏ô‡∏µ,5.0,5.0,17 ‡∏ä‡∏¥‡πâ‡∏ô,,79.0,79.0,,Halorainbow,,lazada,4410617661,100300998035
https://www.lazada.co.th/products/-i5176371287.html,‡∏™‡πÑ‡∏•‡∏°‡πå ‡∏ô‡πâ‡∏≥‡∏•‡∏≤‡∏¢‡πÄ‡∏≠‡πÄ‡∏•‡∏µ‡πà‡∏¢‡∏ô ‡∏ó‡∏£‡∏≤‡∏¢‡∏ß‡∏¥‡∏ó‡∏¢‡∏≤‡∏®‡∏≤‡∏™‡∏ï‡∏£‡πå ‡πÅ‡∏õ‡πâ‡∏á‡πÇ‡∏î‡∏Å‡∏£‡∏∞‡∏õ‡∏∏‡∏Å,‡∏™‡∏°‡∏∏‡∏ó‡∏£‡∏õ‡∏£‡∏≤‡∏Å‡∏≤‡∏£,4.0,0.0,,"‡∏ó‡∏£‡∏≤‡∏¢‡∏ß‡∏¥‡∏ó‡∏¢‡∏≤‡∏®‡∏≤‡∏™‡∏ï‡∏£‡πå‡∏Å‡∏õ., ‡∏ó‡∏£‡∏≤‡∏¢‡∏ß‡∏¥‡∏ó‡∏¢‡∏≤‡∏®‡∏≤‡∏™‡∏ï‡∏£‡πå‡∏ó‡∏∞‡πÄ‡∏•, ‡∏ô‡πâ‡∏≥‡∏•‡∏≤‡∏¢‡πÄ‡∏≠‡πÄ‡∏•‡∏µ‡πà‡∏¢‡∏ô, ‡∏™‡πÑ‡∏•‡∏°‡πå‡∏Å‡∏•‡∏¥‡∏ï‡πÄ‡∏ï‡∏≠‡∏£‡πå, ‡∏™‡πÑ‡∏•‡∏°‡πå‡∏≠‡∏ß‡∏Å‡∏≤‡∏®, ‡∏™‡πÑ‡∏•‡∏°‡πå‡∏´‡∏°‡∏µ, ‡πÅ‡∏õ‡πâ‡∏á‡πÇ‡∏î‡∏Å‡∏£‡∏∞‡∏õ‡∏∏‡∏Å",25.0,25.0,,Mommuk_Shop,,lazada,5176371287,100196139470